Title,Authors,DOI,DOI link,Venue,Citation count,Year,Filename,Sample depths,Sampling context (location),Individual dates,Inference methods used,Secondary sources referenced,"Supporting quotes for ""Sample depths""","Supporting tables for ""Sample depths""","Reasoning for ""Sample depths""","Supporting quotes for ""Sampling context (location)""","Supporting tables for ""Sampling context (location)""","Reasoning for ""Sampling context (location)""","Supporting quotes for ""Individual dates""","Supporting tables for ""Individual dates""","Reasoning for ""Individual dates""","Supporting quotes for ""Inference methods used""","Supporting tables for ""Inference methods used""","Reasoning for ""Inference methods used""","Supporting quotes for ""Secondary sources referenced""","Supporting tables for ""Secondary sources referenced""","Reasoning for ""Secondary sources referenced"""
Rates and processes of aeolian soil erosion in West Greenland,"Ruth C Heindel, Lauren E Culler, Ross A Virginia",,,,,,4985293.pdf,"| sampling site name | sample origin | biotic proxies used | minimum sample depth from archive | maximum sample depth from archive | depth unit | sampling interval (cm / mm) |
| SS1381 | Sediment core | Mass accumulation rate, magnetic susceptibility | Not mentioned | Not mentioned | Not mentioned | Not mentioned |
| SS1220 | Sediment core | Mass accumulation rate, magnetic susceptibility | Not mentioned | Not mentioned | Not mentioned | Not mentioned |
| SS16 | Sediment core | Loss-on-ignition | Not mentioned | Not mentioned | Not mentioned | Not mentioned |
| SFL4 | Sediment core | Loss-on-ignition | Not mentioned | Not mentioned | Not mentioned | Not mentioned |","| sampling site name | sample origin | year collected | latitude | longitude | oldest age | youngest age | radiocarbon calibration method | core depth (cm) | biotic proxies used | tree species | is original |
|---------------------|---------------|---------------|----------|-----------|------------|------------|-----------------------------|---------------|------------------|-------------|------------|
| Kangerlussuaq       | Lichenometry  | Not mentioned | Not mentioned | Not mentioned | Not mentioned | Not mentioned | Not mentioned | NA | Lichens | Not mentioned | Original |",Not mentioned (the paper does not provide a detailed table or list of individual radiocarbon dates with specific calibration details),No atlases or keys were used for morphotype identification in this study.,"| Year | First Author | Data Used | Used in Statistics | Used Narratively | Paper Title |
|------|--------------|-----------|--------------------|------------------|-------------|
| 2012 | Anderson     | Silt accumulation, mass accumulation rate, magnetic susceptibility | No | Yes | Not mentioned |
| 2010 | Heggen       | Silt accumulation | No | Yes | Not mentioned |
| 2013 | Olsen        | Silt accumulation | No | Yes | Not mentioned |
| 2012 | Perren       | Silt accumulation | No | Yes | Not mentioned |
| 1999 | Willemse     | Loss-on-ignition | No | Yes | Not mentioned |
| 2009 | Aebly        | Lake levels | No | Yes | Not mentioned |","  - ""For the other two lakes, SS16 and SFL4, we plot loss-on-ignition, a proxy for lake productivity (Perren et al., 2012; Willemse and Törnqvist, 1999)""
  - ""For two of the lake records, SS1381 and SS1220, we plot proxies for aeolian silt deposition: mass accumulation rate and magnetic susceptibility (Anderson et al., 2012;Olsen et al., 2012).""
  - ""we plotted our age estimates against published sediment records from four different lakes in the Kangerlussuaq region.""
  - ""Sediment cores from multiple closed-basin lakes throughout the region show an increase in silt accumulation after this time (Anderson et al., 2012;Heggen et al., 2010;Olsen et al., 2013;Perren et al., 2012).""",,"- The paper mentions sediment cores from multiple closed-basin lakes, indicating that these are the sampling locations for environmental archives.
- The biotic proxies used include mass accumulation rate, magnetic susceptibility, and loss-on-ignition, which are related to aeolian silt deposition and lake productivity.
- The paper does not provide specific details on the sample depths or sampling intervals for these sediment cores.","  - ""In the Kangerlussuaq region of West Greenland, strong katabatic winds have removed discrete patches of soil and vegetation, exposing unproductive glacial till and bedrock.""
  - ""We use a novel application of lichenometry to estimate the rates and timing of soil erosion.""
  - ""The town of Kangerlussuaq is located at the head of Søndre Strømfjord, roughly 120 km inland from the southwest coast of Greenland.""
  - ""Our study area extended from ~2 km west of Kangerlussuaq to the margin of the GrIS (Figure 1""
  - ""To capture the gradients in vegetation and deflation intensity across the study region, we established five study sites between Kangerlussuaq and the GrIS margin (Figure 1""
  - ""At each site, we surveyed roughly 1 km 2 , identifying candidate deflation patches with yellow-green Rhizocarpon sp. growing on at least 10 boulders, cobbles, or regions of bedrock.""
  - ""we measured lichen diameters on the unvegetated historical moraine located <50 m from the current ice margin and compared these lichen diameters with the lichen diameters measured within deflation patches.""
  - ""we plotted our age estimates against published sediment records from four different lakes in the Kangerlussuaq region.""
  - ""Data are available for download from the Dryad Digital Repository: http://dx.doi.org/10.5061/dryad.v82g6.""",,"- The study focuses on the Kangerlussuaq region of West Greenland, specifically examining deflation patches and using lichenometry to estimate soil erosion rates and timing.
- The study area is described as extending from 2 km west of Kangerlussuaq to the margin of the Greenland Ice Sheet (GrIS), with five study sites established across this region.
- The sampling context involves measuring lichen diameters on deflation patches and a historical moraine, which are used to estimate ages and erosion rates.
- The paper references sediment records from four lakes in the Kangerlussuaq region, but these are not directly sampled by the authors; instead, they are used for comparison.
- The data collected by the authors are original to this study, as indicated by the availability of data in the Dryad Digital Repository.","  - ""The exact age of this historical moraine is unknown, although records show that at least part of the moraine was being deposited by AD 1880 (Weidick, 1968).""
  - ""The few terrestrial studies of aeolian activity in the Kangerlussuaq region have mostly been confined to Sandflugtdalen, the river valley that extends from the margin of the GrIS to Søndre Strømfjord (Bullard and Austin, 2011;Dijkmans and Törnqvist, 1991;Willemse et al., 2003).""
  - ""Sediment cores from multiple closed-basin lakes throughout the region show an increase in silt accumulation after this time (Anderson et al., 2012;Heggen et al., 2010;Olsen et al., 2013;Perren et al., 2012).""",,"QUOTES:

- ""Radiocarbon dates of organic material interbedded in sand and silt deposits from Sandflugtdalen suggest limited aeolian activity 3000-600 years ago, followed by a reactivation of sand sheet formation during the 'Little Ice Age' (AD 1350-1880).""
- ""Sediment cores from multiple closed-basin lakes throughout the region show an increase in silt accumulation after this time (Anderson et al., 2012;Heggen et al., 2010;Olsen et al., 2013;Perren et al., 2012).""
- ""The exact age of this historical moraine is unknown, although records show that at least part of the moraine was being deposited by AD 1880 (Weidick, 1968).""
- ""The few terrestrial studies of aeolian activity in the Kangerlussuaq region have mostly been confined to Sandflugtdalen, the river valley that extends from the margin of the GrIS to Søndre Strømfjord (Bullard and Austin, 2011;Dijkmans and Törnqvist, 1991;Willemse et al., 2003).""

REASONING:

- The paper mentions radiocarbon dates related to aeolian activity in the Kangerlussuaq region, specifically in Sandflugtdalen, but does not provide a detailed table or list of individual radiocarbon dates with specific calibrated or uncalibrated ages, error ranges, or other details typically associated with radiocarbon dating.
- The references to historical events, such as the 'Little Ice Age' and the deposition of a moraine by AD 1880, are mentioned, but these are not presented as individual radiocarbon dates with specific calibration details.
- The paper does not include a table of radiocarbon or other specific dates with detailed information such as depth range, location, calibrated age estimate, or lab number.","  - ""We use a novel application of lichenometry to estimate the rates and timing of soil erosion.""
  - ""To test these two hypotheses, we used lichenometry, a dating technique relating the diameters of Rhizocarpon lichens to landform ages.""
  - ""We developed our lichenometric field methods to follow those used to construct the West Greenland lichen growth curve (Forman et al., 2007;Gordon, 1981;Ten Brink, 1973; see the 'Data analyses' section)""
  - ""we chose to constrain our data to the single largest lichen growing on each cobble, boulder, or region of bedrock.""
  - ""we fit a logarithmic function to the growth curve established by Forman et al. (2007).""
  - ""we used Rhizocarpon diameters in a novel way to calculate the timing and rates of soil erosion.""",,"- The paper uses lichenometry as a method to estimate soil erosion rates and timing. This involves measuring the diameters of Rhizocarpon lichens.
- The authors developed their methods based on existing work by Forman et al. (2007), Gordon (1981), and Ten Brink (1973), which suggests these sources were used as references or keys for understanding lichen growth and its application to dating landforms.
- The paper does not mention any specific atlases or keys used for identifying morphotypes within the lichens, as the focus is on the diameter measurements rather than morphotype identification.
- The use of a logarithmic function to fit the growth curve indicates a mathematical approach rather than a morphotype identification key.","  - ""Sediment cores from multiple closed-basin lakes throughout the region show an increase in silt accumulation after this time (Anderson et al., 2012;Heggen et al., 2010;Olsen et al., 2013;Perren et al., 2012).""
  - ""we plotted our age estimates against published sediment records from four different lakes in the Kangerlussuaq region. For two of the lake records, SS1381 and SS1220, we plot proxies for aeolian silt deposition: mass accumulation rate and magnetic susceptibility (Anderson et al., 2012;Olsen et al., 2012). For the other two lakes, SS16 and SFL4, we plot loss-on-ignition, a proxy for lake productivity (Perren et al., 2012; Willemse and Törnqvist, 1999)""
  - ""Mass accumulation rate and magnetic susceptibility, both proxies for aeolian silt deposition, show a dramatic increase in lakes SS1381 and SS1220 at the time of deflation-patch formation (Figure 6""
  - ""In addition, during the time period of deflation-patch formation, lakes SS16 and SFL4 show a clear decrease in loss on ignition, suggesting a reduction in productivity, which has been attributed to colder air temperatures (Willemse and Törnqvist, 1999)""
  - ""Anderson et al. (2012) speculate that the increase in aeolian activity may be because of landscape desiccation, vegetation die-off, and the remobilization of the loess deposit.""
  - ""Our estimated patch ages agree well with this interpretation; the timing of patch formation coincides with the increase in mass accumulation rate at lake SS1381 and the increase in magnetic susceptibility at lake SS1220 (Anderson et al., 2012;Olsen et al., 2012).""
  - ""Numerous other paleoclimate records from the Kangerlussuaq region show both increased aridity and cooling during the 'Little Ice Age'. Lake levels over the past 700 years appear to be much lower than the prior ~6000 years (Aebly and Fritz, 2009), reflecting a change toward more evaporation than precipitation.""",,"- The paper references several studies related to lake sediment records, which are used to support the timing and processes of soil erosion in the Kangerlussuaq region.
- The studies by Anderson et al. (2012), Heggen et al. (2010), Olsen et al. (2013), and Perren et al. (2012) are mentioned as providing data on silt accumulation and proxies for aeolian activity, which are used narratively to support the findings.
- The paper also references Willemse and Törnqvist (1999) for data on loss-on-ignition, which is used to discuss changes in lake productivity.
- Aebly and Fritz (2009) are referenced for information on lake levels and changes in evaporation vs. precipitation.
- These studies are not explicitly used in statistical analysis but are discussed narratively to provide context and support for the findings."