7700.0,1.0037e-06
7701.0,1.0096e-06
7702.0,1.0155e-06
7703.0,1.0215e-06
7704.0,1.0275e-06
7705.0,1.0335e-06
7706.0,1.038e-06
7707.0,1.0426e-06
7708.0,1.0471e-06
7709.0,1.0517e-06
7710.0,1.0563e-06
7711.0,1.0625e-06
7712.0,1.0687e-06
7713.0,1.0749e-06
7714.0,1.0812e-06
7715.0,1.0875e-06
7716.0,1.0923e-06
7717.0,1.097e-06
7718.0,1.1018e-06
7719.0,1.1066e-06
7720.0,1.1115e-06
7721.0,1.1179e-06
7722.0,1.1245e-06
7723.0,1.131e-06
7724.0,1.1376e-06
7725.0,1.1442e-06
7726.0,1.1508e-06
7727.0,1.1575e-06
7728.0,1.1643e-06
7729.0,1.171e-06
7730.0,1.1778e-06
7731.0,1.1846e-06
7732.0,1.1915e-06
7733.0,1.1984e-06
7734.0,1.2054e-06
7735.0,1.2124e-06
7736.0,1.2194e-06
7737.0,1.2265e-06
7738.0,1.2336e-06
7739.0,1.2407e-06
7740.0,1.2479e-06
7741.0,1.2551e-06
7742.0,1.2624e-06
7743.0,1.2696e-06
7744.0,1.277e-06
7745.0,1.2843e-06
7746.0,1.2899e-06
7747.0,1.2955e-06
7748.0,1.3011e-06
7749.0,1.3067e-06
7750.0,1.3123e-06
7751.0,1.3199e-06
7752.0,1.3275e-06
7753.0,1.3351e-06
7754.0,1.3428e-06
7755.0,1.3505e-06
7756.0,1.3583e-06
7757.0,1.3661e-06
7758.0,1.374e-06
7759.0,1.3818e-06
7760.0,1.3898e-06
7761.0,1.3958e-06
7762.0,1.4018e-06
7763.0,1.4078e-06
7764.0,1.4138e-06
7765.0,1.4199e-06
7766.0,1.4281e-06
7767.0,1.4362e-06
7768.0,1.4445e-06
7769.0,1.4527e-06
7770.0,1.4611e-06
7771.0,1.4694e-06
7772.0,1.4778e-06
7773.0,1.4863e-06
7774.0,1.4948e-06
7775.0,1.5033e-06
7776.0,1.514e-06
7777.0,1.5249e-06
7778.0,1.5357e-06
7779.0,1.5467e-06
7780.0,1.5577e-06
7781.0,1.5733e-06
7782.0,1.589e-06
7783.0,1.6048e-06
7784.0,1.6208e-06
7785.0,1.637e-06
7786.0,1.651e-06
7787.0,1.665e-06
7788.0,1.6792e-06
7789.0,1.6935e-06
7790.0,1.7079e-06
7791.0,1.72e-06
7792.0,1.7322e-06
7793.0,1.7445e-06
7794.0,1.7568e-06
7795.0,1.7692e-06
7796.0,1.7767e-06
7797.0,1.7842e-06
7798.0,1.7918e-06
7799.0,1.7993e-06
7800.0,1.807e-06
7801.0,1.8146e-06
7802.0,1.8223e-06
7803.0,1.83e-06
7804.0,1.8377e-06
7805.0,1.8454e-06
7806.0,1.8532e-06
7807.0,1.8611e-06
7808.0,1.8689e-06
7809.0,1.8768e-06
7810.0,1.8847e-06
7811.0,1.8979e-06
7812.0,1.9113e-06
7813.0,1.9247e-06
7814.0,1.9382e-06
7815.0,1.9518e-06
7816.0,1.9655e-06
7817.0,1.9793e-06
7818.0,1.9932e-06
7819.0,2.0072e-06
7820.0,2.0212e-06
7821.0,2.0382e-06
7822.0,2.0553e-06
7823.0,2.0726e-06
7824.0,2.0899e-06
7825.0,2.1075e-06
7826.0,2.1251e-06
7827.0,2.1429e-06
7828.0,2.1609e-06
7829.0,2.179e-06
7830.0,2.1972e-06
7831.0,2.2156e-06
7832.0,2.2341e-06
7833.0,2.2527e-06
7834.0,2.2715e-06
7835.0,2.2904e-06
7836.0,2.3095e-06
7837.0,2.3287e-06
7838.0,2.3481e-06
7839.0,2.3676e-06
7840.0,2.3873e-06
7841.0,2.4071e-06
7842.0,2.4271e-06
7843.0,2.4472e-06
7844.0,2.4675e-06
7845.0,2.4879e-06
7846.0,2.5051e-06
7847.0,2.5224e-06
7848.0,2.5397e-06
7849.0,2.5572e-06
7850.0,2.5748e-06
7851.0,2.589e-06
7852.0,2.6032e-06
7853.0,2.6175e-06
7854.0,2.6319e-06
7855.0,2.6463e-06
7856.0,2.6681e-06
7857.0,2.6901e-06
7858.0,2.7123e-06
7859.0,2.7346e-06
7860.0,2.757e-06
7861.0,2.7759e-06
7862.0,2.7949e-06
7863.0,2.814e-06
7864.0,2.8332e-06
7865.0,2.8526e-06
7866.0,2.872e-06
7867.0,2.8917e-06
7868.0,2.9114e-06
7869.0,2.9312e-06
7870.0,2.9512e-06
7871.0,2.9673e-06
7872.0,2.9834e-06
7873.0,2.9996e-06
7874.0,3.0159e-06
7875.0,3.0322e-06
7876.0,3.0405e-06
7877.0,3.0487e-06
7878.0,3.057e-06
7879.0,3.0653e-06
7880.0,3.0736e-06
7881.0,3.0736e-06
7882.0,3.0736e-06
7883.0,3.0736e-06
7884.0,3.0736e-06
7885.0,3.0736e-06
7886.0,3.0736e-06
7887.0,3.0736e-06
7888.0,3.0736e-06
7889.0,3.0736e-06
7890.0,3.0736e-06
7891.0,3.0777e-06
7892.0,3.0819e-06
7893.0,3.086e-06
7894.0,3.0902e-06
7895.0,3.0943e-06
7896.0,3.1069e-06
7897.0,3.1196e-06
7898.0,3.1323e-06
7899.0,3.145e-06
7900.0,3.1578e-06
7901.0,3.1792e-06
7902.0,3.2007e-06
7903.0,3.2223e-06
7904.0,3.2441e-06
7905.0,3.266e-06
7906.0,3.2969e-06
7907.0,3.3281e-06
7908.0,3.3596e-06
7909.0,3.3913e-06
7910.0,3.4233e-06
7911.0,3.4602e-06
7912.0,3.4975e-06
7913.0,3.5351e-06
7914.0,3.5732e-06
7915.0,3.6115e-06
7916.0,3.6601e-06
7917.0,3.7093e-06
7918.0,3.759e-06
7919.0,3.8094e-06
7920.0,3.8604e-06
7921.0,3.912e-06
7922.0,3.9643e-06
7923.0,4.0172e-06
7924.0,4.0707e-06
7925.0,4.1249e-06
7926.0,4.1798e-06
7927.0,4.2353e-06
7928.0,4.2915e-06
7929.0,4.3483e-06
7930.0,4.4059e-06
7931.0,4.4582e-06
7932.0,4.5112e-06
7933.0,4.5647e-06
7934.0,4.6188e-06
7935.0,4.6735e-06
7936.0,4.7165e-06
7937.0,4.7598e-06
7938.0,4.8035e-06
7939.0,4.8475e-06
7940.0,4.8919e-06
7941.0,4.9367e-06
7942.0,4.9819e-06
7943.0,5.0275e-06
7944.0,5.0734e-06
7945.0,5.1197e-06
7946.0,5.1731e-06
7947.0,5.227e-06
7948.0,5.2814e-06
7949.0,5.3363e-06
7950.0,5.3918e-06
7951.0,5.4408e-06
7952.0,5.4902e-06
7953.0,5.5399e-06
7954.0,5.5901e-06
7955.0,5.6408e-06
7956.0,5.6918e-06
7957.0,5.7432e-06
7958.0,5.7951e-06
7959.0,5.8473e-06
7960.0,5.9e-06
7961.0,5.9531e-06
7962.0,6.0067e-06
7963.0,6.0607e-06
7964.0,6.1151e-06
7965.0,6.17e-06
7966.0,6.2174e-06
7967.0,6.2651e-06
7968.0,6.3132e-06
7969.0,6.3616e-06
7970.0,6.4104e-06
7971.0,6.4594e-06
7972.0,6.5088e-06
7973.0,6.5586e-06
7974.0,6.6086e-06
7975.0,6.6591e-06
7976.0,6.7014e-06
7977.0,6.744e-06
7978.0,6.7869e-06
7979.0,6.8299e-06
7980.0,6.8733e-06
7981.0,6.9081e-06
7982.0,6.9431e-06
7983.0,6.9782e-06
7984.0,7.0135e-06
7985.0,7.049e-06
7986.0,7.0935e-06
7987.0,7.1383e-06
7988.0,7.1833e-06
7989.0,7.2286e-06
7990.0,7.2742e-06
7991.0,7.3293e-06
7992.0,7.3847e-06
7993.0,7.4405e-06
7994.0,7.4968e-06
7995.0,7.5534e-06
7996.0,7.6199e-06
7997.0,7.6869e-06
7998.0,7.7545e-06
7999.0,7.8226e-06
8000.0,7.8913e-06
8001.0,7.9704e-06
8002.0,8.0502e-06
8003.0,8.1308e-06
8004.0,8.2121e-06
8005.0,8.2941e-06
8006.0,8.3665e-06
8007.0,8.4394e-06
8008.0,8.513e-06
8009.0,8.5871e-06
8010.0,8.6617e-06
8011.0,8.737e-06
8012.0,8.8128e-06
8013.0,8.8892e-06
8014.0,8.9662e-06
8015.0,9.0438e-06
8016.0,9.1108e-06
8017.0,9.1783e-06
8018.0,9.2462e-06
8019.0,9.3146e-06
8020.0,9.3835e-06
8021.0,9.4411e-06
8022.0,9.4991e-06
8023.0,9.5574e-06
8024.0,9.616e-06
8025.0,9.6749e-06
8026.0,9.7342e-06
8027.0,9.7938e-06
8028.0,9.8537e-06
8029.0,9.914e-06
8030.0,9.9746e-06
8031.0,1.0023e-05
8032.0,1.0072e-05
8033.0,1.0122e-05
8034.0,1.0171e-05
8035.0,1.0221e-05
8036.0,1.0283e-05
8037.0,1.0346e-05
8038.0,1.0409e-05
8039.0,1.0472e-05
8040.0,1.0536e-05
8041.0,1.0587e-05
8042.0,1.0638e-05
8043.0,1.069e-05
8044.0,1.0742e-05
8045.0,1.0794e-05
8046.0,1.0846e-05
8047.0,1.0898e-05
8048.0,1.0951e-05
8049.0,1.1004e-05
8050.0,1.1057e-05
8051.0,1.1097e-05
8052.0,1.1138e-05
8053.0,1.1178e-05
8054.0,1.1218e-05
8055.0,1.1259e-05
8056.0,1.13e-05
8057.0,1.134e-05
8058.0,1.1381e-05
8059.0,1.1423e-05
8060.0,1.1464e-05
8061.0,1.1491e-05
8062.0,1.1519e-05
8063.0,1.1547e-05
8064.0,1.1574e-05
8065.0,1.1602e-05
8066.0,1.163e-05
8067.0,1.1658e-05
8068.0,1.1686e-05
8069.0,1.1714e-05
8070.0,1.1742e-05
8071.0,1.1756e-05
8072.0,1.177e-05
8073.0,1.1784e-05
8074.0,1.1798e-05
8075.0,1.1812e-05
8076.0,1.1826e-05
8077.0,1.1841e-05
8078.0,1.1855e-05
8079.0,1.1869e-05
8080.0,1.1883e-05
8081.0,1.1883e-05
8082.0,1.1883e-05
8083.0,1.1883e-05
8084.0,1.1883e-05
8085.0,1.1883e-05
8086.0,1.1897e-05
8087.0,1.1911e-05
8088.0,1.1926e-05
8089.0,1.194e-05
8090.0,1.1954e-05
8091.0,1.1997e-05
8092.0,1.204e-05
8093.0,1.2084e-05
8094.0,1.2127e-05
8095.0,1.217e-05
8096.0,1.2214e-05
8097.0,1.2258e-05
8098.0,1.2302e-05
8099.0,1.2346e-05
8100.0,1.239e-05
8101.0,1.2449e-05
8102.0,1.2508e-05
8103.0,1.2568e-05
8104.0,1.2628e-05
8105.0,1.2688e-05
8106.0,1.2733e-05
8107.0,1.2779e-05
8108.0,1.2824e-05
8109.0,1.287e-05
8110.0,1.2916e-05
8111.0,1.2962e-05
8112.0,1.3008e-05
8113.0,1.3054e-05
8114.0,1.3101e-05
8115.0,1.3147e-05
8116.0,1.3194e-05
8117.0,1.3241e-05
8118.0,1.3288e-05
8119.0,1.3335e-05
8120.0,1.3382e-05
8121.0,1.3445e-05
8122.0,1.3509e-05
8123.0,1.3573e-05
8124.0,1.3637e-05
8125.0,1.3701e-05
8126.0,1.3782e-05
8127.0,1.3864e-05
8128.0,1.3945e-05
8129.0,1.4027e-05
8130.0,1.411e-05
8131.0,1.4176e-05
8132.0,1.4243e-05
8133.0,1.431e-05
8134.0,1.4377e-05
8135.0,1.4445e-05
8136.0,1.4513e-05
8137.0,1.4581e-05
8138.0,1.4649e-05
8139.0,1.4718e-05
8140.0,1.4786e-05
8141.0,1.489e-05
8142.0,1.4995e-05
8143.0,1.51e-05
8144.0,1.5206e-05
8145.0,1.5312e-05
8146.0,1.5456e-05
8147.0,1.56e-05
8148.0,1.5745e-05
8149.0,1.5892e-05
8150.0,1.604e-05
8151.0,1.6207e-05
8152.0,1.6377e-05
8153.0,1.6547e-05
8154.0,1.672e-05
8155.0,1.6894e-05
8156.0,1.7069e-05
8157.0,1.7247e-05
8158.0,1.7425e-05
8159.0,1.7606e-05
8160.0,1.7788e-05
8161.0,1.7992e-05
8162.0,1.8199e-05
8163.0,1.8407e-05
8164.0,1.8617e-05
8165.0,1.883e-05
8166.0,1.9002e-05
8167.0,1.9175e-05
8168.0,1.9349e-05
8169.0,1.9525e-05
8170.0,1.9702e-05
8171.0,1.9903e-05
8172.0,2.0105e-05
8173.0,2.031e-05
8174.0,2.0516e-05
8175.0,2.0724e-05
8176.0,2.0911e-05
8177.0,2.1099e-05
8178.0,2.1289e-05
8179.0,2.148e-05
8180.0,2.1672e-05
8181.0,2.1842e-05
8182.0,2.2013e-05
8183.0,2.2185e-05
8184.0,2.2358e-05
8185.0,2.2532e-05
8186.0,2.2657e-05
8187.0,2.2783e-05
8188.0,2.291e-05
8189.0,2.3037e-05
8190.0,2.3164e-05
8191.0,2.3318e-05
8192.0,2.3473e-05
8193.0,2.3629e-05
8194.0,2.3786e-05
8195.0,2.3943e-05
8196.0,2.4075e-05
8197.0,2.4208e-05
8198.0,2.4341e-05
8199.0,2.4475e-05
8200.0,2.461e-05
8201.0,2.4718e-05
8202.0,2.4827e-05
8203.0,2.4935e-05
8204.0,2.5045e-05
8205.0,2.5155e-05
8206.0,2.5265e-05
8207.0,2.5375e-05
8208.0,2.5486e-05
8209.0,2.5598e-05
8210.0,2.571e-05
8211.0,2.5794e-05
8212.0,2.5878e-05
8213.0,2.5963e-05
8214.0,2.6047e-05
8215.0,2.6132e-05
8216.0,2.6189e-05
8217.0,2.6246e-05
8218.0,2.6304e-05
8219.0,2.6361e-05
8220.0,2.6418e-05
8221.0,2.6447e-05
8222.0,2.6476e-05
8223.0,2.6504e-05
8224.0,2.6533e-05
8225.0,2.6562e-05
8226.0,2.6591e-05
8227.0,2.662e-05
8228.0,2.6649e-05
8229.0,2.6678e-05
8230.0,2.6706e-05
8231.0,2.6764e-05
8232.0,2.6822e-05
8233.0,2.688e-05
8234.0,2.6939e-05
8235.0,2.6997e-05
8236.0,2.7026e-05
8237.0,2.7055e-05
8238.0,2.7085e-05
8239.0,2.7114e-05
8240.0,2.7143e-05
8241.0,2.7202e-05
8242.0,2.7261e-05
8243.0,2.732e-05
8244.0,2.7379e-05
8245.0,2.7438e-05
8246.0,2.7468e-05
8247.0,2.7498e-05
8248.0,2.7527e-05
8249.0,2.7557e-05
8250.0,2.7587e-05
8251.0,2.7617e-05
8252.0,2.7646e-05
8253.0,2.7676e-05
8254.0,2.7706e-05
8255.0,2.7736e-05
8256.0,2.7766e-05
8257.0,2.7795e-05
8258.0,2.7825e-05
8259.0,2.7855e-05
8260.0,2.7885e-05
8261.0,2.7946e-05
8262.0,2.8006e-05
8263.0,2.8067e-05
8264.0,2.8127e-05
8265.0,2.8188e-05
8266.0,2.8309e-05
8267.0,2.8431e-05
8268.0,2.8554e-05
8269.0,2.8677e-05
8270.0,2.88e-05
8271.0,2.8955e-05
8272.0,2.911e-05
8273.0,2.9267e-05
8274.0,2.9424e-05
8275.0,2.9581e-05
8276.0,2.9771e-05
8277.0,2.9963e-05
8278.0,3.0155e-05
8279.0,3.0348e-05
8280.0,3.0543e-05
8281.0,3.0705e-05
8282.0,3.0869e-05
8283.0,3.1033e-05
8284.0,3.1198e-05
8285.0,3.1364e-05
8286.0,3.1564e-05
8287.0,3.1765e-05
8288.0,3.1967e-05
8289.0,3.217e-05
8290.0,3.2375e-05
8291.0,3.2546e-05
8292.0,3.2718e-05
8293.0,3.289e-05
8294.0,3.3063e-05
8295.0,3.3238e-05
8296.0,3.3448e-05
8297.0,3.3659e-05
8298.0,3.3871e-05
8299.0,3.4085e-05
8300.0,3.43e-05
8301.0,3.4516e-05
8302.0,3.4733e-05
8303.0,3.4951e-05
8304.0,3.517e-05
8305.0,3.5391e-05
8306.0,3.5612e-05
8307.0,3.5835e-05
8308.0,3.6059e-05
8309.0,3.6284e-05
8310.0,3.651e-05
8311.0,3.6775e-05
8312.0,3.7043e-05
8313.0,3.7311e-05
8314.0,3.7582e-05
8315.0,3.7854e-05
8316.0,3.8128e-05
8317.0,3.8403e-05
8318.0,3.868e-05
8319.0,3.8959e-05
8320.0,3.9239e-05
8321.0,3.9521e-05
8322.0,3.9805e-05
8323.0,4.0091e-05
8324.0,4.0378e-05
8325.0,4.0667e-05
8326.0,4.0916e-05
8327.0,4.1167e-05
8328.0,4.1418e-05
8329.0,4.1671e-05
8330.0,4.1925e-05
8331.0,4.2223e-05
8332.0,4.2523e-05
8333.0,4.2825e-05
8334.0,4.3129e-05
8335.0,4.3434e-05
8336.0,4.3742e-05
8337.0,4.4051e-05
8338.0,4.4362e-05
8339.0,4.4674e-05
8340.0,4.4989e-05
8341.0,4.5305e-05
8342.0,4.5623e-05
8343.0,4.5943e-05
8344.0,4.6265e-05
8345.0,4.6589e-05
8346.0,4.6868e-05
8347.0,4.7149e-05
8348.0,4.7431e-05
8349.0,4.7714e-05
8350.0,4.7998e-05
8351.0,4.8332e-05
8352.0,4.8668e-05
8353.0,4.9006e-05
8354.0,4.9345e-05
8355.0,4.9687e-05
8356.0,5.003e-05
8357.0,5.0376e-05
8358.0,5.0723e-05
8359.0,5.1073e-05
8360.0,5.1424e-05
8361.0,5.1778e-05
8362.0,5.2133e-05
8363.0,5.249e-05
8364.0,5.285e-05
8365.0,5.3211e-05
8366.0,5.3679e-05
8367.0,5.415e-05
8368.0,5.4624e-05
8369.0,5.5102e-05
8370.0,5.5584e-05
8371.0,5.6014e-05
8372.0,5.6448e-05
8373.0,5.6884e-05
8374.0,5.7323e-05
8375.0,5.7764e-05
8376.0,5.8264e-05
8377.0,5.8768e-05
8378.0,5.9275e-05
8379.0,5.9786e-05
8380.0,6.03e-05
8381.0,6.0761e-05
8382.0,6.1224e-05
8383.0,6.169e-05
8384.0,6.2159e-05
8385.0,6.263e-05
8386.0,6.3046e-05
8387.0,6.3463e-05
8388.0,6.3882e-05
8389.0,6.4304e-05
8390.0,6.4728e-05
8391.0,6.5154e-05
8392.0,6.5582e-05
8393.0,6.6013e-05
8394.0,6.6446e-05
8395.0,6.6881e-05
8396.0,6.7381e-05
8397.0,6.7884e-05
8398.0,6.8391e-05
8399.0,6.89e-05
8400.0,6.9412e-05
8401.0,6.9928e-05
8402.0,7.0446e-05
8403.0,7.0968e-05
8404.0,7.1492e-05
8405.0,7.202e-05
8406.0,7.2484e-05
8407.0,7.2951e-05
8408.0,7.342e-05
8409.0,7.3892e-05
8410.0,7.4365e-05
8411.0,7.4841e-05
8412.0,7.532e-05
8413.0,7.5801e-05
8414.0,7.6284e-05
8415.0,7.677e-05
8416.0,7.7188e-05
8417.0,7.7608e-05
8418.0,7.803e-05
8419.0,7.8454e-05
8420.0,7.888e-05
8421.0,7.9307e-05
8422.0,7.9736e-05
8423.0,8.0167e-05
8424.0,8.06e-05
8425.0,8.1035e-05
8426.0,8.1326e-05
8427.0,8.1618e-05
8428.0,8.191e-05
8429.0,8.2204e-05
8430.0,8.2498e-05
8431.0,8.2719e-05
8432.0,8.2941e-05
8433.0,8.3163e-05
8434.0,8.3385e-05
8435.0,8.3608e-05
8436.0,8.3906e-05
8437.0,8.4205e-05
8438.0,8.4505e-05
8439.0,8.4805e-05
8440.0,8.5107e-05
8441.0,8.5485e-05
8442.0,8.5864e-05
8443.0,8.6244e-05
8444.0,8.6626e-05
8445.0,8.7009e-05
8446.0,8.7393e-05
8447.0,8.7779e-05
8448.0,8.8166e-05
8449.0,8.8554e-05
8450.0,8.8944e-05
8451.0,8.9257e-05
8452.0,8.957e-05
8453.0,8.9885e-05
8454.0,9.02e-05
8455.0,9.0516e-05
8456.0,9.0753e-05
8457.0,9.0991e-05
8458.0,9.123e-05
8459.0,9.1469e-05
8460.0,9.1708e-05
8461.0,9.1868e-05
8462.0,9.2028e-05
8463.0,9.2189e-05
8464.0,9.2349e-05
8465.0,9.251e-05
8466.0,9.2671e-05
8467.0,9.2833e-05
8468.0,9.2994e-05
8469.0,9.3156e-05
8470.0,9.3318e-05
8471.0,9.3643e-05
8472.0,9.3968e-05
8473.0,9.4294e-05
8474.0,9.4621e-05
8475.0,9.4949e-05
8476.0,9.5196e-05
8477.0,9.5443e-05
8478.0,9.569e-05
8479.0,9.5938e-05
8480.0,9.6187e-05
8481.0,9.6353e-05
8482.0,9.6519e-05
8483.0,9.6685e-05
8484.0,9.6851e-05
8485.0,9.7018e-05
8486.0,9.7101e-05
8487.0,9.7185e-05
8488.0,9.7269e-05
8489.0,9.7353e-05
8490.0,9.7437e-05
8491.0,9.7604e-05
8492.0,9.7772e-05
8493.0,9.794e-05
8494.0,9.8108e-05
8495.0,9.8277e-05
8496.0,9.853e-05
8497.0,9.8783e-05
8498.0,9.9037e-05
8499.0,9.9291e-05
8500.0,9.9546e-05
8501.0,9.9972e-05
8502.0,0.0001004
8503.0,0.00010083
8504.0,0.00010126
8505.0,0.00010169
8506.0,0.00010212
8507.0,0.00010256
8508.0,0.000103
8509.0,0.00010343
8510.0,0.00010387
8511.0,0.00010431
8512.0,0.00010475
8513.0,0.0001052
8514.0,0.00010564
8515.0,0.00010609
8516.0,0.00010653
8517.0,0.00010698
8518.0,0.00010743
8519.0,0.00010788
8520.0,0.00010834
8521.0,0.0001087
8522.0,0.00010906
8523.0,0.00010943
8524.0,0.00010979
8525.0,0.00011016
8526.0,0.00011062
8527.0,0.00011108
8528.0,0.00011155
8529.0,0.00011201
8530.0,0.00011248
8531.0,0.00011322
8532.0,0.00011398
8533.0,0.00011473
8534.0,0.00011549
8535.0,0.00011625
8536.0,0.00011702
8537.0,0.00011779
8538.0,0.00011856
8539.0,0.00011934
8540.0,0.00012012
8541.0,0.00012071
8542.0,0.0001213
8543.0,0.00012189
8544.0,0.00012249
8545.0,0.00012309
8546.0,0.00012359
8547.0,0.00012409
8548.0,0.00012459
8549.0,0.00012509
8550.0,0.0001256
8551.0,0.0001261
8552.0,0.00012661
8553.0,0.00012712
8554.0,0.00012763
8555.0,0.00012814
8556.0,0.00012845
8557.0,0.00012876
8558.0,0.00012907
8559.0,0.00012938
8560.0,0.00012969
8561.0,0.00013011
8562.0,0.00013052
8563.0,0.00013094
8564.0,0.00013136
8565.0,0.00013177
8566.0,0.00013219
8567.0,0.00013261
8568.0,0.00013304
8569.0,0.00013346
8570.0,0.00013388
8571.0,0.00013452
8572.0,0.00013516
8573.0,0.0001358
8574.0,0.00013644
8575.0,0.00013708
8576.0,0.00013773
8577.0,0.00013838
8578.0,0.00013903
8579.0,0.00013969
8580.0,0.00014034
8581.0,0.00014122
8582.0,0.0001421
8583.0,0.00014299
8584.0,0.00014388
8585.0,0.00014477
8586.0,0.00014578
8587.0,0.0001468
8588.0,0.00014782
8589.0,0.00014884
8590.0,0.00014987
8591.0,0.00015067
8592.0,0.00015148
8593.0,0.00015229
8594.0,0.0001531
8595.0,0.00015392
8596.0,0.0001545
8597.0,0.00015509
8598.0,0.00015568
8599.0,0.00015627
8600.0,0.00015686
8601.0,0.00015733
8602.0,0.00015781
8603.0,0.00015828
8604.0,0.00015876
8605.0,0.00015924
8606.0,0.0001596
8607.0,0.00015996
8608.0,0.00016032
8609.0,0.00016068
8610.0,0.00016104
8611.0,0.0001614
8612.0,0.00016176
8613.0,0.00016212
8614.0,0.00016249
8615.0,0.00016285
8616.0,0.00016334
8617.0,0.00016382
8618.0,0.00016431
8619.0,0.0001648
8620.0,0.00016529
8621.0,0.0001659
8622.0,0.00016652
8623.0,0.00016713
8624.0,0.00016775
8625.0,0.00016837
8626.0,0.00016899
8627.0,0.00016962
8628.0,0.00017024
8629.0,0.00017087
8630.0,0.00017149
8631.0,0.00017225
8632.0,0.00017301
8633.0,0.00017377
8634.0,0.00017453
8635.0,0.00017529
8636.0,0.00017593
8637.0,0.00017657
8638.0,0.00017721
8639.0,0.00017785
8640.0,0.0001785
8641.0,0.00017888
8642.0,0.00017927
8643.0,0.00017966
8644.0,0.00018005
8645.0,0.00018044
8646.0,0.00018083
8647.0,0.00018122
8648.0,0.00018161
8649.0,0.000182
8650.0,0.00018239
8651.0,0.00018265
8652.0,0.00018292
8653.0,0.00018318
8654.0,0.00018344
8655.0,0.0001837
8656.0,0.00018383
8657.0,0.00018397
8658.0,0.0001841
8659.0,0.00018423
8660.0,0.00018436
8661.0,0.00018449
8662.0,0.00018462
8663.0,0.00018476
8664.0,0.00018489
8665.0,0.00018502
8666.0,0.00018502
8667.0,0.00018502
8668.0,0.00018502
8669.0,0.00018502
8670.0,0.00018502
8671.0,0.00018528
8672.0,0.00018555
8673.0,0.00018581
8674.0,0.00018608
8675.0,0.00018634
8676.0,0.00018661
8677.0,0.00018687
8678.0,0.00018714
8679.0,0.00018741
8680.0,0.00018767
8681.0,0.00018807
8682.0,0.00018847
8683.0,0.00018887
8684.0,0.00018927
8685.0,0.00018968
8686.0,0.00019008
8687.0,0.00019048
8688.0,0.00019088
8689.0,0.00019129
8690.0,0.00019169
8691.0,0.0001921
8692.0,0.0001925
8693.0,0.00019291
8694.0,0.00019332
8695.0,0.00019372
8696.0,0.00019413
8697.0,0.00019454
8698.0,0.00019495
8699.0,0.00019536
8700.0,0.00019577
8701.0,0.00019618
8702.0,0.00019659
8703.0,0.000197
8704.0,0.00019742
8705.0,0.00019783
8706.0,0.0001981
8707.0,0.00019838
8708.0,0.00019866
8709.0,0.00019893
8710.0,0.00019921
8711.0,0.00019976
8712.0,0.00020032
8713.0,0.00020087
8714.0,0.00020143
8715.0,0.00020199
8716.0,0.00020241
8717.0,0.00020282
8718.0,0.00020324
8719.0,0.00020367
8720.0,0.00020409
8721.0,0.00020451
8722.0,0.00020493
8723.0,0.00020535
8724.0,0.00020577
8725.0,0.0002062
8726.0,0.00020634
8727.0,0.00020648
8728.0,0.00020662
8729.0,0.00020676
8730.0,0.00020691
8731.0,0.00020719
8732.0,0.00020747
8733.0,0.00020775
8734.0,0.00020804
8735.0,0.00020832
8736.0,0.00020861
8737.0,0.00020889
8738.0,0.00020918
8739.0,0.00020946
8740.0,0.00020975
8741.0,0.00021018
8742.0,0.00021061
8743.0,0.00021103
8744.0,0.00021146
8745.0,0.0002119
8746.0,0.00021233
8747.0,0.00021276
8748.0,0.00021319
8749.0,0.00021362
8750.0,0.00021406
8751.0,0.00021463
8752.0,0.00021521
8753.0,0.00021579
8754.0,0.00021637
8755.0,0.00021696
8756.0,0.00021754
8757.0,0.00021812
8758.0,0.00021871
8759.0,0.00021929
8760.0,0.00021988
8761.0,0.00022047
8762.0,0.00022106
8763.0,0.00022165
8764.0,0.00022224
8765.0,0.00022283
8766.0,0.00022357
8767.0,0.00022431
8768.0,0.00022505
8769.0,0.0002258
8770.0,0.00022654
8771.0,0.00022714
8772.0,0.00022774
8773.0,0.00022834
8774.0,0.00022894
8775.0,0.00022954
8776.0,0.00022999
8777.0,0.00023045
8778.0,0.0002309
8779.0,0.00023135
8780.0,0.0002318
8781.0,0.00023226
8782.0,0.00023271
8783.0,0.00023317
8784.0,0.00023362
8785.0,0.00023408
8786.0,0.00023439
8787.0,0.00023469
8788.0,0.000235
8789.0,0.0002353
8790.0,0.00023561
8791.0,0.00023591
8792.0,0.00023622
8793.0,0.00023652
8794.0,0.00023683
8795.0,0.00023714
8796.0,0.00023729
8797.0,0.00023744
8798.0,0.00023759
8799.0,0.00023775
8800.0,0.0002379
8801.0,0.00023821
8802.0,0.00023852
8803.0,0.00023882
8804.0,0.00023913
8805.0,0.00023944
8806.0,0.00023959
8807.0,0.00023975
8808.0,0.0002399
8809.0,0.00024006
8810.0,0.00024021
8811.0,0.00024021
8812.0,0.00024021
8813.0,0.00024021
8814.0,0.00024021
8815.0,0.00024021
8816.0,0.00024006
8817.0,0.0002399
8818.0,0.00023975
8819.0,0.00023959
8820.0,0.00023944
8821.0,0.00023913
8822.0,0.00023882
8823.0,0.00023851
8824.0,0.00023821
8825.0,0.0002379
8826.0,0.00023775
8827.0,0.00023759
8828.0,0.00023744
8829.0,0.00023729
8830.0,0.00023713
8831.0,0.00023729
8832.0,0.00023744
8833.0,0.00023759
8834.0,0.00023775
8835.0,0.0002379
8836.0,0.00023821
8837.0,0.00023852
8838.0,0.00023882
8839.0,0.00023913
8840.0,0.00023944
8841.0,0.00024006
8842.0,0.00024067
8843.0,0.00024129
8844.0,0.00024191
8845.0,0.00024253
8846.0,0.000243
8847.0,0.00024346
8848.0,0.00024393
8849.0,0.0002444
8850.0,0.00024487
8851.0,0.00024549
8852.0,0.00024612
8853.0,0.00024674
8854.0,0.00024737
8855.0,0.000248
8856.0,0.00024878
8857.0,0.00024957
8858.0,0.00025036
8859.0,0.00025115
8860.0,0.00025194
8861.0,0.00025241
8862.0,0.00025289
8863.0,0.00025337
8864.0,0.00025384
8865.0,0.00025432
8866.0,0.00025464
8867.0,0.00025496
8868.0,0.00025528
8869.0,0.00025559
8870.0,0.00025591
8871.0,0.00025591
8872.0,0.00025591
8873.0,0.00025591
8874.0,0.00025591
8875.0,0.00025591
8876.0,0.00025591
8877.0,0.00025591
8878.0,0.00025591
8879.0,0.00025591
8880.0,0.00025591
8881.0,0.00025623
8882.0,0.00025655
8883.0,0.00025687
8884.0,0.00025719
8885.0,0.00025751
8886.0,0.00025799
8887.0,0.00025848
8888.0,0.00025896
8889.0,0.00025944
8890.0,0.00025992
8891.0,0.00026041
8892.0,0.00026089
8893.0,0.00026137
8894.0,0.00026186
8895.0,0.00026234
8896.0,0.00026267
8897.0,0.00026299
8898.0,0.00026331
8899.0,0.00026364
8900.0,0.00026396
8901.0,0.00026413
8902.0,0.00026429
8903.0,0.00026445
8904.0,0.00026461
8905.0,0.00026478
8906.0,0.00026494
8907.0,0.0002651
8908.0,0.00026526
8909.0,0.00026542
8910.0,0.00026559
8911.0,0.00026575
8912.0,0.00026591
8913.0,0.00026608
8914.0,0.00026624
8915.0,0.0002664
8916.0,0.00026689
8917.0,0.00026738
8918.0,0.00026787
8919.0,0.00026836
8920.0,0.00026885
8921.0,0.00026935
8922.0,0.00026984
8923.0,0.00027033
8924.0,0.00027082
8925.0,0.00027132
8926.0,0.00027197
8927.0,0.00027263
8928.0,0.00027329
8929.0,0.00027395
8930.0,0.00027462
8931.0,0.00027528
8932.0,0.00027594
8933.0,0.0002766
8934.0,0.00027727
8935.0,0.00027793
8936.0,0.0002786
8937.0,0.00027927
8938.0,0.00027993
8939.0,0.0002806
8940.0,0.00028127
8941.0,0.00028194
8942.0,0.00028261
8943.0,0.00028328
8944.0,0.00028396
8945.0,0.00028463
8946.0,0.00028564
8947.0,0.00028665
8948.0,0.00028767
8949.0,0.00028868
8950.0,0.0002897
8951.0,0.00029055
8952.0,0.0002914
8953.0,0.00029225
8954.0,0.0002931
8955.0,0.00029395
8956.0,0.00029481
8957.0,0.00029566
8958.0,0.00029652
8959.0,0.00029738
8960.0,0.00029824
8961.0,0.00029944
8962.0,0.00030065
8963.0,0.00030186
8964.0,0.00030307
8965.0,0.00030428
8966.0,0.00030567
8967.0,0.00030706
8968.0,0.00030845
8969.0,0.00030985
8970.0,0.00031125
8971.0,0.00031282
8972.0,0.0003144
8973.0,0.00031599
8974.0,0.00031757
8975.0,0.00031916
8976.0,0.00032075
8977.0,0.00032235
8978.0,0.00032395
8979.0,0.00032555
8980.0,0.00032715
8981.0,0.00032876
8982.0,0.00033037
8983.0,0.00033198
8984.0,0.0003336
8985.0,0.00033521
8986.0,0.00033701
8987.0,0.00033882
8988.0,0.00034063
8989.0,0.00034244
8990.0,0.00034425
8991.0,0.00034607
8992.0,0.00034789
8993.0,0.00034971
8994.0,0.00035153
8995.0,0.00035336
8996.0,0.00035483
8997.0,0.00035629
8998.0,0.00035776
8999.0,0.00035923
9000.0,0.0003607
9001.0,0.00036236
9002.0,0.00036402
9003.0,0.00036568
9004.0,0.00036734
9005.0,0.00036901
9006.0,0.00037049
9007.0,0.00037197
9008.0,0.00037346
9009.0,0.00037494
9010.0,0.00037643
9011.0,0.00037773
9012.0,0.00037904
9013.0,0.00038034
9014.0,0.00038164
9015.0,0.00038295
9016.0,0.00038426
9017.0,0.00038557
9018.0,0.00038687
9019.0,0.00038818
9020.0,0.00038949
9021.0,0.00039062
9022.0,0.00039174
9023.0,0.00039287
9024.0,0.00039399
9025.0,0.00039512
9026.0,0.00039606
9027.0,0.00039699
9028.0,0.00039793
9029.0,0.00039887
9030.0,0.00039981
9031.0,0.00040038
9032.0,0.00040094
9033.0,0.00040151
9034.0,0.00040207
9035.0,0.00040263
9036.0,0.00040282
9037.0,0.00040301
9038.0,0.0004032
9039.0,0.00040339
9040.0,0.00040358
9041.0,0.00040358
9042.0,0.00040358
9043.0,0.00040358
9044.0,0.00040358
9045.0,0.00040358
9046.0,0.00040376
9047.0,0.00040395
9048.0,0.00040414
9049.0,0.00040433
9050.0,0.00040452
9051.0,0.00040471
9052.0,0.00040489
9053.0,0.00040508
9054.0,0.00040527
9055.0,0.00040546
9056.0,0.00040602
9057.0,0.00040659
9058.0,0.00040715
9059.0,0.00040772
9060.0,0.00040828
9061.0,0.00040885
9062.0,0.00040942
9063.0,0.00040998
9064.0,0.00041055
9065.0,0.00041111
9066.0,0.00041168
9067.0,0.00041224
9068.0,0.00041281
9069.0,0.00041338
9070.0,0.00041394
9071.0,0.0004147
9072.0,0.00041545
9073.0,0.00041621
9074.0,0.00041696
9075.0,0.00041772
9076.0,0.00041847
9077.0,0.00041923
9078.0,0.00041998
9079.0,0.00042074
9080.0,0.00042149
9081.0,0.00042244
9082.0,0.00042338
9083.0,0.00042433
9084.0,0.00042527
9085.0,0.00042622
9086.0,0.00042697
9087.0,0.00042773
9088.0,0.00042849
9089.0,0.00042924
9090.0,0.00043
9091.0,0.00043038
9092.0,0.00043075
9093.0,0.00043113
9094.0,0.00043151
9095.0,0.00043189
9096.0,0.00043227
9097.0,0.00043264
9098.0,0.00043302
9099.0,0.0004334
9100.0,0.00043378
9101.0,0.00043453
9102.0,0.00043529
9103.0,0.00043605
9104.0,0.0004368
9105.0,0.00043756
9106.0,0.00043812
9107.0,0.00043869
9108.0,0.00043926
9109.0,0.00043983
9110.0,0.00044039
9111.0,0.00044134
9112.0,0.00044228
9113.0,0.00044322
9114.0,0.00044417
9115.0,0.00044511
9116.0,0.00044625
9117.0,0.00044738
9118.0,0.00044851
9119.0,0.00044964
9120.0,0.00045077
9121.0,0.00045209
9122.0,0.00045341
9123.0,0.00045473
9124.0,0.00045605
9125.0,0.00045737
9126.0,0.00045831
9127.0,0.00045925
9128.0,0.00046019
9129.0,0.00046113
9130.0,0.00046207
9131.0,0.00046283
9132.0,0.00046358
9133.0,0.00046433
9134.0,0.00046508
9135.0,0.00046583
9136.0,0.00046639
9137.0,0.00046696
9138.0,0.00046752
9139.0,0.00046808
9140.0,0.00046864
9141.0,0.00046921
9142.0,0.00046977
9143.0,0.00047033
9144.0,0.00047089
9145.0,0.00047145
9146.0,0.00047164
9147.0,0.00047183
9148.0,0.00047202
9149.0,0.00047221
9150.0,0.00047239
9151.0,0.00047258
9152.0,0.00047277
9153.0,0.00047295
9154.0,0.00047314
9155.0,0.00047333
9156.0,0.00047333
9157.0,0.00047333
9158.0,0.00047333
9159.0,0.00047333
9160.0,0.00047333
9161.0,0.00047352
9162.0,0.0004737
9163.0,0.00047389
9164.0,0.00047408
9165.0,0.00047427
9166.0,0.00047427
9167.0,0.00047427
9168.0,0.00047427
9169.0,0.00047427
9170.0,0.00047427
9171.0,0.00047445
9172.0,0.00047464
9173.0,0.00047483
9174.0,0.00047501
9175.0,0.0004752
9176.0,0.00047539
9177.0,0.00047557
9178.0,0.00047576
9179.0,0.00047595
9180.0,0.00047613
9181.0,0.00047669
9182.0,0.00047725
9183.0,0.00047781
9184.0,0.00047837
9185.0,0.00047893
9186.0,0.00047949
9187.0,0.00048005
9188.0,0.00048061
9189.0,0.00048117
9190.0,0.00048173
9191.0,0.00048229
9192.0,0.00048285
9193.0,0.0004834
9194.0,0.00048396
9195.0,0.00048452
9196.0,0.00048508
9197.0,0.00048564
9198.0,0.00048619
9199.0,0.00048675
9200.0,0.00048731
9201.0,0.00048786
9202.0,0.00048842
9203.0,0.00048898
9204.0,0.00048953
9205.0,0.00049009
9206.0,0.00049046
9207.0,0.00049083
9208.0,0.0004912
9209.0,0.00049157
9210.0,0.00049194
9211.0,0.00049231
9212.0,0.00049268
9213.0,0.00049305
9214.0,0.00049342
9215.0,0.00049379
9216.0,0.00049434
9217.0,0.00049489
9218.0,0.00049545
9219.0,0.000496
9220.0,0.00049655
9221.0,0.00049711
9222.0,0.00049766
9223.0,0.00049821
9224.0,0.00049876
9225.0,0.00049931
9226.0,0.00050005
9227.0,0.00050078
9228.0,0.00050152
9229.0,0.00050225
9230.0,0.00050299
9231.0,0.0005039
9232.0,0.00050482
9233.0,0.00050573
9234.0,0.00050664
9235.0,0.00050756
9236.0,0.00050847
9237.0,0.00050938
9238.0,0.00051029
9239.0,0.0005112
9240.0,0.00051211
9241.0,0.00051302
9242.0,0.00051392
9243.0,0.00051483
9244.0,0.00051573
9245.0,0.00051664
9246.0,0.00051754
9247.0,0.00051844
9248.0,0.00051934
9249.0,0.00052024
9250.0,0.00052114
9251.0,0.00052204
9252.0,0.00052294
9253.0,0.00052383
9254.0,0.00052473
9255.0,0.00052562
9256.0,0.00052652
9257.0,0.00052741
9258.0,0.0005283
9259.0,0.00052919
9260.0,0.00053008
9261.0,0.00053097
9262.0,0.00053185
9263.0,0.00053274
9264.0,0.00053362
9265.0,0.00053451
9266.0,0.00053539
9267.0,0.00053627
9268.0,0.00053715
9269.0,0.00053803
9270.0,0.00053891
9271.0,0.00053996
9272.0,0.00054101
9273.0,0.00054205
9274.0,0.0005431
9275.0,0.00054415
9276.0,0.00054501
9277.0,0.00054588
9278.0,0.00054675
9279.0,0.00054761
9280.0,0.00054848
9281.0,0.00054934
9282.0,0.0005502
9283.0,0.00055106
9284.0,0.00055192
9285.0,0.00055278
9286.0,0.00055363
9287.0,0.00055449
9288.0,0.00055534
9289.0,0.00055619
9290.0,0.00055704
9291.0,0.00055789
9292.0,0.00055874
9293.0,0.00055958
9294.0,0.00056043
9295.0,0.00056127
9296.0,0.00056211
9297.0,0.00056295
9298.0,0.00056379
9299.0,0.00056463
9300.0,0.00056546
9301.0,0.00056613
9302.0,0.0005668
9303.0,0.00056746
9304.0,0.00056813
9305.0,0.00056879
9306.0,0.00056945
9307.0,0.00057012
9308.0,0.00057078
9309.0,0.00057144
9310.0,0.00057209
9311.0,0.00057259
9312.0,0.00057308
9313.0,0.00057357
9314.0,0.00057406
9315.0,0.00057455
9316.0,0.00057504
9317.0,0.00057553
9318.0,0.00057602
9319.0,0.00057651
9320.0,0.000577
9321.0,0.00057749
9322.0,0.00057797
9323.0,0.00057846
9324.0,0.00057894
9325.0,0.00057943
9326.0,0.00057991
9327.0,0.0005804
9328.0,0.00058088
9329.0,0.00058136
9330.0,0.00058184
9331.0,0.000582
9332.0,0.00058216
9333.0,0.00058232
9334.0,0.00058248
9335.0,0.00058264
9336.0,0.00058264
9337.0,0.00058264
9338.0,0.00058264
9339.0,0.00058264
9340.0,0.00058264
9341.0,0.0005828
9342.0,0.00058296
9343.0,0.00058312
9344.0,0.00058328
9345.0,0.00058344
9346.0,0.0005836
9347.0,0.00058376
9348.0,0.00058392
9349.0,0.00058408
9350.0,0.00058424
9351.0,0.00058456
9352.0,0.00058488
9353.0,0.0005852
9354.0,0.00058551
9355.0,0.00058583
9356.0,0.00058615
9357.0,0.00058647
9358.0,0.00058678
9359.0,0.0005871
9360.0,0.00058741
9361.0,0.00058805
9362.0,0.00058868
9363.0,0.0005893
9364.0,0.00058993
9365.0,0.00059056
9366.0,0.00059118
9367.0,0.00059181
9368.0,0.00059243
9369.0,0.00059305
9370.0,0.00059367
9371.0,0.00059429
9372.0,0.00059491
9373.0,0.00059553
9374.0,0.00059614
9375.0,0.00059676
9376.0,0.00059737
9377.0,0.00059798
9378.0,0.00059859
9379.0,0.0005992
9380.0,0.00059981
9381.0,0.00060057
9382.0,0.00060133
9383.0,0.00060208
9384.0,0.00060283
9385.0,0.00060358
9386.0,0.00060463
9387.0,0.00060568
9388.0,0.00060671
9389.0,0.00060775
9390.0,0.00060878
9391.0,0.00060995
9392.0,0.00061112
9393.0,0.00061229
9394.0,0.00061344
9395.0,0.00061459
9396.0,0.0006156
9397.0,0.0006166
9398.0,0.00061759
9399.0,0.00061858
9400.0,0.00061957
9401.0,0.00062055
9402.0,0.00062152
9403.0,0.0006225
9404.0,0.00062346
9405.0,0.00062443
9406.0,0.00062511
9407.0,0.0006258
9408.0,0.00062648
9409.0,0.00062716
9410.0,0.00062783
9411.0,0.00062878
9412.0,0.00062971
9413.0,0.00063065
9414.0,0.00063157
9415.0,0.0006325
9416.0,0.00063329
9417.0,0.00063407
9418.0,0.00063485
9419.0,0.00063563
9420.0,0.0006364
9421.0,0.00063743
9422.0,0.00063845
9423.0,0.00063946
9424.0,0.00064047
9425.0,0.00064147
9426.0,0.00064234
9427.0,0.00064321
9428.0,0.00064407
9429.0,0.00064492
9430.0,0.00064577
9431.0,0.00064662
9432.0,0.00064746
9433.0,0.00064829
9434.0,0.00064912
9435.0,0.00064995
9436.0,0.00065065
9437.0,0.00065135
9438.0,0.00065204
9439.0,0.00065273
9440.0,0.00065342
9441.0,0.0006541
9442.0,0.00065478
9443.0,0.00065546
9444.0,0.00065613
9445.0,0.0006568
9446.0,0.00065746
9447.0,0.00065812
9448.0,0.00065877
9449.0,0.00065943
9450.0,0.00066007
9451.0,0.00066082
9452.0,0.00066157
9453.0,0.00066231
9454.0,0.00066304
9455.0,0.00066377
9456.0,0.00066459
9457.0,0.00066541
9458.0,0.00066622
9459.0,0.00066702
9460.0,0.00066782
9461.0,0.0006687
9462.0,0.00066958
9463.0,0.00067044
9464.0,0.0006713
9465.0,0.00067215
9466.0,0.00067299
9467.0,0.00067381
9468.0,0.00067463
9469.0,0.00067544
9470.0,0.00067624
9471.0,0.00067685
9472.0,0.00067746
9473.0,0.00067806
9474.0,0.00067866
9475.0,0.00067925
9476.0,0.00067992
9477.0,0.00068058
9478.0,0.00068123
9479.0,0.00068187
9480.0,0.00068251
9481.0,0.00068305
9482.0,0.0006836
9483.0,0.00068413
9484.0,0.00068467
9485.0,0.00068519
9486.0,0.00068578
9487.0,0.00068636
9488.0,0.00068694
9489.0,0.00068751
9490.0,0.00068807
9491.0,0.00068848
9492.0,0.00068889
9493.0,0.00068929
9494.0,0.00068969
9495.0,0.00069009
9496.0,0.00069048
9497.0,0.00069086
9498.0,0.00069125
9499.0,0.00069162
9500.0,0.00069199
9501.0,0.00069236
9502.0,0.00069272
9503.0,0.00069308
9504.0,0.00069343
9505.0,0.00069378
9506.0,0.00069418
9507.0,0.00069457
9508.0,0.00069496
9509.0,0.00069534
9510.0,0.00069572
9511.0,0.00069619
9512.0,0.00069665
9513.0,0.0006971
9514.0,0.00069753
9515.0,0.00069796
9516.0,0.00069847
9517.0,0.00069896
9518.0,0.00069944
9519.0,0.0006999
9520.0,0.00070034
9521.0,0.0007008
9522.0,0.00070125
9523.0,0.00070167
9524.0,0.00070207
9525.0,0.00070246
9526.0,0.00070282
9527.0,0.00070317
9528.0,0.00070349
9529.0,0.0007038
9530.0,0.00070409
9531.0,0.00070433
9532.0,0.00070456
9533.0,0.00070477
9534.0,0.00070496
9535.0,0.00070514
9536.0,0.0007053
9537.0,0.00070544
9538.0,0.00070557
9539.0,0.00070568
9540.0,0.00070577
9541.0,0.00070584
9542.0,0.0007059
9543.0,0.00070594
9544.0,0.00070597
9545.0,0.00070598
9546.0,0.00070598
9547.0,0.00070598
9548.0,0.00070597
9549.0,0.00070595
9550.0,0.00070592
9551.0,0.0007059
9552.0,0.00070587
9553.0,0.00070584
9554.0,0.00070581
9555.0,0.00070577
9556.0,0.00070575
9557.0,0.00070572
9558.0,0.0007057
9559.0,0.00070567
9560.0,0.00070564
9561.0,0.00070562
9562.0,0.0007056
9563.0,0.00070558
9564.0,0.00070556
9565.0,0.00070554
9566.0,0.00070553
9567.0,0.00070551
9568.0,0.0007055
9569.0,0.00070549
9570.0,0.00070548
9571.0,0.00070546
9572.0,0.00070543
9573.0,0.00070541
9574.0,0.00070538
9575.0,0.00070535
9576.0,0.00070531
9577.0,0.00070527
9578.0,0.00070523
9579.0,0.00070518
9580.0,0.00070514
9581.0,0.00070509
9582.0,0.00070504
9583.0,0.000705
9584.0,0.00070495
9585.0,0.00070489
9586.0,0.00070484
9587.0,0.00070479
9588.0,0.00070473
9589.0,0.00070467
9590.0,0.00070462
9591.0,0.00070456
9592.0,0.0007045
9593.0,0.00070444
9594.0,0.00070437
9595.0,0.00070431
9596.0,0.00070424
9597.0,0.00070418
9598.0,0.00070411
9599.0,0.00070404
9600.0,0.00070397
9601.0,0.0007039
9602.0,0.00070382
9603.0,0.00070375
9604.0,0.00070368
9605.0,0.0007036
9606.0,0.00070355
9607.0,0.00070349
9608.0,0.00070344
9609.0,0.00070339
9610.0,0.00070333
9611.0,0.00070328
9612.0,0.00070322
9613.0,0.00070317
9614.0,0.00070311
9615.0,0.00070306
9616.0,0.00070297
9617.0,0.00070288
9618.0,0.00070279
9619.0,0.0007027
9620.0,0.00070261
9621.0,0.00070252
9622.0,0.00070243
9623.0,0.00070233
9624.0,0.00070224
9625.0,0.00070214
9626.0,0.00070204
9627.0,0.00070194
9628.0,0.00070184
9629.0,0.00070174
9630.0,0.00070163
9631.0,0.00070157
9632.0,0.0007015
9633.0,0.00070142
9634.0,0.00070135
9635.0,0.00070128
9636.0,0.00070125
9637.0,0.00070121
9638.0,0.00070117
9639.0,0.00070114
9640.0,0.0007011
9641.0,0.00070099
9642.0,0.00070088
9643.0,0.00070076
9644.0,0.00070065
9645.0,0.00070053
9646.0,0.00070042
9647.0,0.0007003
9648.0,0.00070018
9649.0,0.00070006
9650.0,0.00069994
9651.0,0.00069977
9652.0,0.00069961
9653.0,0.00069944
9654.0,0.00069927
9655.0,0.00069909
9656.0,0.00069896
9657.0,0.00069883
9658.0,0.0006987
9659.0,0.00069856
9660.0,0.00069842
9661.0,0.00069824
9662.0,0.00069806
9663.0,0.00069787
9664.0,0.00069768
9665.0,0.00069749
9666.0,0.00069729
9667.0,0.0006971
9668.0,0.0006969
9669.0,0.0006967
9670.0,0.00069649
9671.0,0.00069629
9672.0,0.00069608
9673.0,0.00069587
9674.0,0.00069566
9675.0,0.00069545
9676.0,0.00069518
9677.0,0.00069491
9678.0,0.00069463
9679.0,0.00069435
9680.0,0.00069407
9681.0,0.00069384
9682.0,0.00069361
9683.0,0.00069337
9684.0,0.00069314
9685.0,0.0006929
9686.0,0.0006926
9687.0,0.0006923
9688.0,0.00069199
9689.0,0.00069168
9690.0,0.00069137
9691.0,0.00069112
9692.0,0.00069086
9693.0,0.00069061
9694.0,0.00069035
9695.0,0.00069009
9696.0,0.00068983
9697.0,0.00068956
9698.0,0.00068929
9699.0,0.00068902
9700.0,0.00068875
9701.0,0.00068855
9702.0,0.00068834
9703.0,0.00068814
9704.0,0.00068793
9705.0,0.00068772
9706.0,0.00068758
9707.0,0.00068744
9708.0,0.0006873
9709.0,0.00068715
9710.0,0.00068701
9711.0,0.00068694
9712.0,0.00068687
9713.0,0.0006868
9714.0,0.00068673
9715.0,0.00068665
9716.0,0.00068651
9717.0,0.00068636
9718.0,0.00068622
9719.0,0.00068607
9720.0,0.00068593
9721.0,0.00068571
9722.0,0.00068549
9723.0,0.00068526
9724.0,0.00068504
9725.0,0.00068482
9726.0,0.00068459
9727.0,0.00068436
9728.0,0.00068413
9729.0,0.00068391
9730.0,0.00068367
9731.0,0.00068337
9732.0,0.00068305
9733.0,0.00068274
9734.0,0.00068243
9735.0,0.00068211
9736.0,0.00068187
9737.0,0.00068163
9738.0,0.00068139
9739.0,0.00068115
9740.0,0.0006809
9741.0,0.00068074
9742.0,0.00068058
9743.0,0.00068041
9744.0,0.00068025
9745.0,0.00068008
9746.0,0.00067992
9747.0,0.00067975
9748.0,0.00067958
9749.0,0.00067942
9750.0,0.00067925
9751.0,0.00067908
9752.0,0.00067891
9753.0,0.00067874
9754.0,0.00067858
9755.0,0.00067841
9756.0,0.00067815
9757.0,0.00067789
9758.0,0.00067763
9759.0,0.00067738
9760.0,0.00067711
9761.0,0.00067685
9762.0,0.00067659
9763.0,0.00067633
9764.0,0.00067606
9765.0,0.0006758
9766.0,0.00067553
9767.0,0.00067526
9768.0,0.00067499
9769.0,0.00067472
9770.0,0.00067445
9771.0,0.00067418
9772.0,0.00067391
9773.0,0.00067363
9774.0,0.00067336
9775.0,0.00067308
9776.0,0.00067289
9777.0,0.00067271
9778.0,0.00067252
9779.0,0.00067234
9780.0,0.00067215
9781.0,0.00067196
9782.0,0.00067177
9783.0,0.00067159
9784.0,0.0006714
9785.0,0.00067121
9786.0,0.00067102
9787.0,0.00067083
9788.0,0.00067064
9789.0,0.00067045
9790.0,0.00067025
9791.0,0.00067016
9792.0,0.00067006
9793.0,0.00066997
9794.0,0.00066987
9795.0,0.00066977
9796.0,0.00066958
9797.0,0.00066938
9798.0,0.00066919
9799.0,0.000669
9800.0,0.0006688
9801.0,0.0006687
9802.0,0.0006686
9803.0,0.00066851
9804.0,0.00066841
9805.0,0.00066831
9806.0,0.00066811
9807.0,0.00066792
9808.0,0.00066772
9809.0,0.00066752
9810.0,0.00066732
9811.0,0.00066712
9812.0,0.00066692
9813.0,0.00066672
9814.0,0.00066652
9815.0,0.00066632
9816.0,0.00066612
9817.0,0.00066592
9818.0,0.00066571
9819.0,0.00066551
9820.0,0.00066531
9821.0,0.0006651
9822.0,0.0006649
9823.0,0.00066469
9824.0,0.00066449
9825.0,0.00066428
9826.0,0.00066418
9827.0,0.00066408
9828.0,0.00066397
9829.0,0.00066387
9830.0,0.00066377
9831.0,0.00066356
9832.0,0.00066335
9833.0,0.00066314
9834.0,0.00066294
9835.0,0.00066273
9836.0,0.00066262
9837.0,0.00066252
9838.0,0.00066241
9839.0,0.00066231
9840.0,0.0006622
9841.0,0.00066199
9842.0,0.00066178
9843.0,0.00066157
9844.0,0.00066136
9845.0,0.00066114
9846.0,0.00066093
9847.0,0.00066072
9848.0,0.0006605
9849.0,0.00066029
9850.0,0.00066007
9851.0,0.00065975
9852.0,0.00065943
9853.0,0.0006591
9854.0,0.00065877
9855.0,0.00065845
9856.0,0.00065812
9857.0,0.00065779
9858.0,0.00065746
9859.0,0.00065713
9860.0,0.0006568
9861.0,0.00065635
9862.0,0.00065591
9863.0,0.00065546
9864.0,0.00065501
9865.0,0.00065456
9866.0,0.00065433
9867.0,0.0006541
9868.0,0.00065388
9869.0,0.00065365
9870.0,0.00065342
9871.0,0.00065296
9872.0,0.0006525
9873.0,0.00065204
9874.0,0.00065158
9875.0,0.00065112
9876.0,0.00065065
9877.0,0.00065018
9878.0,0.00064971
9879.0,0.00064924
9880.0,0.00064877
9881.0,0.00064806
9882.0,0.00064734
9883.0,0.00064662
9884.0,0.0006459
9885.0,0.00064517
9886.0,0.00064444
9887.0,0.0006437
9888.0,0.00064296
9889.0,0.00064222
9890.0,0.00064147
9891.0,0.00064085
9892.0,0.00064022
9893.0,0.00063959
9894.0,0.00063896
9895.0,0.00063832
9896.0,0.00063756
9897.0,0.00063679
9898.0,0.00063602
9899.0,0.00063524
9900.0,0.00063446
9901.0,0.00063368
9902.0,0.00063289
9903.0,0.0006321
9904.0,0.00063131
9905.0,0.00063051
9906.0,0.00062985
9907.0,0.00062918
9908.0,0.00062851
9909.0,0.00062783
9910.0,0.00062716
9911.0,0.00062648
9912.0,0.0006258
9913.0,0.00062511
9914.0,0.00062443
9915.0,0.00062374
9916.0,0.00062319
9917.0,0.00062264
9918.0,0.00062208
9919.0,0.00062153
9920.0,0.00062097
9921.0,0.00062055
9922.0,0.00062013
9923.0,0.00061971
9924.0,0.00061929
9925.0,0.00061886
9926.0,0.00061844
9927.0,0.00061802
9928.0,0.00061759
9929.0,0.00061717
9930.0,0.00061674
9931.0,0.00061631
9932.0,0.00061588
9933.0,0.00061546
9934.0,0.00061503
9935.0,0.00061459
9936.0,0.00061431
9937.0,0.00061402
9938.0,0.00061373
9939.0,0.00061344
9940.0,0.00061315
9941.0,0.00061272
9942.0,0.00061229
9943.0,0.00061185
9944.0,0.00061141
9945.0,0.00061098
9946.0,0.00061069
9947.0,0.00061039
9948.0,0.0006101
9949.0,0.00060981
9950.0,0.00060952
9951.0,0.00060908
9952.0,0.00060863
9953.0,0.00060819
9954.0,0.00060775
9955.0,0.00060731
9956.0,0.00060701
9957.0,0.00060671
9958.0,0.00060642
9959.0,0.00060612
9960.0,0.00060582
9961.0,0.00060567
9962.0,0.00060553
9963.0,0.00060538
9964.0,0.00060523
9965.0,0.00060508
9966.0,0.00060493
9967.0,0.00060478
9968.0,0.00060463
9969.0,0.00060448
9970.0,0.00060433
9971.0,0.00060448
9972.0,0.00060463
9973.0,0.00060478
9974.0,0.00060493
9975.0,0.00060508
9976.0,0.00060523
9977.0,0.00060538
9978.0,0.00060553
9979.0,0.00060567
9980.0,0.00060582
9981.0,0.00060612
9982.0,0.00060642
9983.0,0.00060671
9984.0,0.00060701
9985.0,0.00060731
9986.0,0.00060731
9987.0,0.00060731
9988.0,0.00060731
9989.0,0.00060731
9990.0,0.00060731
9991.0,0.00060701
9992.0,0.00060671
9993.0,0.00060642
9994.0,0.00060612
9995.0,0.00060582
9996.0,0.00060538
9997.0,0.00060493
9998.0,0.00060448
9999.0,0.00060403
10000.0,0.00060358
10001.0,0.00060313
10002.0,0.00060268
10003.0,0.00060223
10004.0,0.00060178
10005.0,0.00060133
10006.0,0.00060102
10007.0,0.00060072
10008.0,0.00060042
10009.0,0.00060012
10010.0,0.00059981
10011.0,0.00059951
10012.0,0.0005992
10013.0,0.0005989
10014.0,0.00059859
10015.0,0.00059829
10016.0,0.00059829
10017.0,0.00059829
10018.0,0.00059829
10019.0,0.00059829
10020.0,0.00059829
10021.0,0.00059798
10022.0,0.00059768
10023.0,0.00059737
10024.0,0.00059706
10025.0,0.00059676
10026.0,0.00059645
10027.0,0.00059614
10028.0,0.00059584
10029.0,0.00059553
10030.0,0.00059522
10031.0,0.00059476
10032.0,0.00059429
10033.0,0.00059383
10034.0,0.00059336
10035.0,0.0005929
10036.0,0.00059259
10037.0,0.00059228
10038.0,0.00059196
10039.0,0.00059165
10040.0,0.00059134
10041.0,0.00059118
10042.0,0.00059103
10043.0,0.00059087
10044.0,0.00059071
10045.0,0.00059056
10046.0,0.00059056
10047.0,0.00059056
10048.0,0.00059056
10049.0,0.00059056
10050.0,0.00059056
10051.0,0.00059071
10052.0,0.00059087
10053.0,0.00059103
10054.0,0.00059118
10055.0,0.00059134
10056.0,0.0005915
10057.0,0.00059165
10058.0,0.00059181
10059.0,0.00059196
10060.0,0.00059212
10061.0,0.00059212
10062.0,0.00059212
10063.0,0.00059212
10064.0,0.00059212
10065.0,0.00059212
10066.0,0.00059181
10067.0,0.0005915
10068.0,0.00059118
10069.0,0.00059087
10070.0,0.00059056
10071.0,0.00059009
10072.0,0.00058962
10073.0,0.00058915
10074.0,0.00058868
10075.0,0.0005882
10076.0,0.00058789
10077.0,0.00058757
10078.0,0.00058726
10079.0,0.00058694
10080.0,0.00058662
10081.0,0.00058615
10082.0,0.00058567
10083.0,0.0005852
10084.0,0.00058472
10085.0,0.00058424
10086.0,0.00058376
10087.0,0.00058328
10088.0,0.0005828
10089.0,0.00058232
10090.0,0.00058184
10091.0,0.00058136
10092.0,0.00058088
10093.0,0.00058039
10094.0,0.00057991
10095.0,0.00057943
10096.0,0.00057862
10097.0,0.00057781
10098.0,0.000577
10099.0,0.00057618
10100.0,0.00057537
10101.0,0.00057439
10102.0,0.00057341
10103.0,0.00057242
10104.0,0.00057143
10105.0,0.00057044
10106.0,0.00056945
10107.0,0.00056846
10108.0,0.00056746
10109.0,0.00056646
10110.0,0.00056546
10111.0,0.00056429
10112.0,0.00056312
10113.0,0.00056194
10114.0,0.00056077
10115.0,0.00055958
10116.0,0.00055857
10117.0,0.00055755
10118.0,0.00055653
10119.0,0.00055551
10120.0,0.00055449
10121.0,0.00055363
10122.0,0.00055278
10123.0,0.00055192
10124.0,0.00055106
10125.0,0.0005502
10126.0,0.00054917
10127.0,0.00054813
10128.0,0.00054709
10129.0,0.00054605
10130.0,0.00054501
10131.0,0.00054414
10132.0,0.00054327
10133.0,0.0005424
10134.0,0.00054153
10135.0,0.00054066
10136.0,0.00053943
10137.0,0.0005382
10138.0,0.00053697
10139.0,0.00053574
10140.0,0.0005345
10141.0,0.00053327
10142.0,0.00053203
10143.0,0.00053079
10144.0,0.00052954
10145.0,0.0005283
10146.0,0.00052687
10147.0,0.00052544
10148.0,0.00052401
10149.0,0.00052258
10150.0,0.00052114
10151.0,0.0005197
10152.0,0.00051826
10153.0,0.00051681
10154.0,0.00051537
10155.0,0.00051392
10156.0,0.00051247
10157.0,0.00051101
10158.0,0.00050956
10159.0,0.0005081
10160.0,0.00050664
10161.0,0.00050536
10162.0,0.00050408
10163.0,0.0005028
10164.0,0.00050152
10165.0,0.00050023
10166.0,0.00049858
10167.0,0.00049692
10168.0,0.00049526
10169.0,0.0004936
10170.0,0.00049194
10171.0,0.00049046
10172.0,0.00048897
10173.0,0.00048749
10174.0,0.000486
10175.0,0.00048452
10176.0,0.00048284
10177.0,0.00048117
10178.0,0.00047949
10179.0,0.00047781
10180.0,0.00047613
10181.0,0.00047464
10182.0,0.00047314
10183.0,0.00047164
10184.0,0.00047015
10185.0,0.00046865
10186.0,0.00046715
10187.0,0.00046564
10188.0,0.00046414
10189.0,0.00046264
10190.0,0.00046113
10191.0,0.00045963
10192.0,0.00045812
10193.0,0.00045662
10194.0,0.00045511
10195.0,0.0004536
10196.0,0.00045228
10197.0,0.00045096
10198.0,0.00044964
10199.0,0.00044832
10200.0,0.000447
10201.0,0.00044568
10202.0,0.00044436
10203.0,0.00044304
10204.0,0.00044171
10205.0,0.00044039
10206.0,0.00043907
10207.0,0.00043775
10208.0,0.00043642
10209.0,0.0004351
10210.0,0.00043378
10211.0,0.00043245
10212.0,0.00043113
10213.0,0.00042981
10214.0,0.00042849
10215.0,0.00042716
10216.0,0.00042527
10217.0,0.00042338
10218.0,0.00042149
10219.0,0.0004196
10220.0,0.00041772
10221.0,0.00041583
10222.0,0.00041394
10223.0,0.00041206
10224.0,0.00041017
10225.0,0.00040828
10226.0,0.00040659
10227.0,0.00040489
10228.0,0.0004032
10229.0,0.00040151
10230.0,0.00039981
10231.0,0.00039812
10232.0,0.00039643
10233.0,0.00039474
10234.0,0.00039305
10235.0,0.00039137
10236.0,0.00038968
10237.0,0.000388
10238.0,0.00038631
10239.0,0.00038463
10240.0,0.00038295
10241.0,0.00038146
10242.0,0.00037997
10243.0,0.00037848
10244.0,0.00037699
10245.0,0.0003755
10246.0,0.00037439
10247.0,0.00037327
10248.0,0.00037216
10249.0,0.00037105
10250.0,0.00036994
10251.0,0.00036919
10252.0,0.00036845
10253.0,0.00036771
10254.0,0.00036697
10255.0,0.00036624
10256.0,0.0003655
10257.0,0.00036476
10258.0,0.00036402
10259.0,0.00036328
10260.0,0.00036254
10261.0,0.00036181
10262.0,0.00036107
10263.0,0.00036033
10264.0,0.0003596
10265.0,0.00035886
10266.0,0.00035813
10267.0,0.00035739
10268.0,0.00035666
10269.0,0.00035593
10270.0,0.00035519
10271.0,0.00035446
10272.0,0.00035373
10273.0,0.000353
10274.0,0.00035227
10275.0,0.00035153
10276.0,0.00035099
10277.0,0.00035044
10278.0,0.00034989
10279.0,0.00034934
10280.0,0.0003488
10281.0,0.00034825
10282.0,0.0003477
10283.0,0.00034716
10284.0,0.00034661
10285.0,0.00034607
10286.0,0.00034534
10287.0,0.00034461
10288.0,0.00034389
10289.0,0.00034316
10290.0,0.00034244
10291.0,0.00034171
10292.0,0.00034099
10293.0,0.00034026
10294.0,0.00033954
10295.0,0.00033882
10296.0,0.00033828
10297.0,0.00033774
10298.0,0.00033719
10299.0,0.00033665
10300.0,0.00033611
10301.0,0.00033593
10302.0,0.00033575
10303.0,0.00033557
10304.0,0.00033539
10305.0,0.00033521
10306.0,0.00033539
10307.0,0.00033557
10308.0,0.00033575
10309.0,0.00033593
10310.0,0.00033611
10311.0,0.00033593
10312.0,0.00033575
10313.0,0.00033557
10314.0,0.00033539
10315.0,0.00033521
10316.0,0.00033503
10317.0,0.00033485
10318.0,0.00033468
10319.0,0.0003345
10320.0,0.00033432
10321.0,0.00033414
10322.0,0.00033396
10323.0,0.00033378
10324.0,0.0003336
10325.0,0.00033342
10326.0,0.00033306
10327.0,0.0003327
10328.0,0.00033234
10329.0,0.00033198
10330.0,0.00033162
10331.0,0.00033126
10332.0,0.0003309
10333.0,0.00033055
10334.0,0.00033019
10335.0,0.00032983
10336.0,0.00032929
10337.0,0.00032876
10338.0,0.00032822
10339.0,0.00032769
10340.0,0.00032715
10341.0,0.00032697
10342.0,0.0003268
10343.0,0.00032662
10344.0,0.00032644
10345.0,0.00032626
10346.0,0.0003259
10347.0,0.00032555
10348.0,0.00032519
10349.0,0.00032484
10350.0,0.00032448
10351.0,0.0003243
10352.0,0.00032412
10353.0,0.00032395
10354.0,0.00032377
10355.0,0.00032359
10356.0,0.00032306
10357.0,0.00032253
10358.0,0.00032199
10359.0,0.00032146
10360.0,0.00032093
10361.0,0.00032022
10362.0,0.00031952
10363.0,0.00031881
10364.0,0.0003181
10365.0,0.0003174
10366.0,0.00031669
10367.0,0.00031599
10368.0,0.00031528
10369.0,0.00031458
10370.0,0.00031388
10371.0,0.00031335
10372.0,0.00031282
10373.0,0.0003123
10374.0,0.00031177
10375.0,0.00031125
10376.0,0.00031055
10377.0,0.00030985
10378.0,0.00030915
10379.0,0.00030845
10380.0,0.00030776
10381.0,0.00030723
10382.0,0.00030671
10383.0,0.00030619
10384.0,0.00030567
10385.0,0.00030515
10386.0,0.00030445
10387.0,0.00030376
10388.0,0.00030307
10389.0,0.00030238
10390.0,0.00030169
10391.0,0.00030099
10392.0,0.0003003
10393.0,0.00029962
10394.0,0.00029893
10395.0,0.00029824
10396.0,0.00029755
10397.0,0.00029687
10398.0,0.00029618
10399.0,0.00029549
10400.0,0.00029481
10401.0,0.00029396
10402.0,0.0002931
10403.0,0.00029225
10404.0,0.0002914
10405.0,0.00029055
10406.0,0.00028987
10407.0,0.00028919
10408.0,0.00028851
10409.0,0.00028784
10410.0,0.00028716
10411.0,0.00028648
10412.0,0.00028581
10413.0,0.00028513
10414.0,0.00028446
10415.0,0.00028379
10416.0,0.00028311
10417.0,0.00028244
10418.0,0.00028177
10419.0,0.0002811
10420.0,0.00028044
10421.0,0.00027977
10422.0,0.0002791
10423.0,0.00027843
10424.0,0.00027777
10425.0,0.0002771
10426.0,0.00027661
10427.0,0.00027611
10428.0,0.00027561
10429.0,0.00027511
10430.0,0.00027462
10431.0,0.00027395
10432.0,0.00027329
10433.0,0.00027263
10434.0,0.00027197
10435.0,0.00027132
10436.0,0.00027082
10437.0,0.00027033
10438.0,0.00026984
10439.0,0.00026935
10440.0,0.00026885
10441.0,0.00026869
10442.0,0.00026853
10443.0,0.00026836
10444.0,0.0002682
10445.0,0.00026804
10446.0,0.00026804
10447.0,0.00026804
10448.0,0.00026804
10449.0,0.00026804
10450.0,0.00026804
10451.0,0.00026804
10452.0,0.00026804
10453.0,0.00026804
10454.0,0.00026804
10455.0,0.00026804
10456.0,0.00026771
10457.0,0.00026738
10458.0,0.00026706
10459.0,0.00026673
10460.0,0.0002664
10461.0,0.00026608
10462.0,0.00026575
10463.0,0.00026543
10464.0,0.0002651
10465.0,0.00026478
10466.0,0.00026413
10467.0,0.00026348
10468.0,0.00026283
10469.0,0.00026218
10470.0,0.00026154
10471.0,0.00026073
10472.0,0.00025992
10473.0,0.00025912
10474.0,0.00025832
10475.0,0.00025752
10476.0,0.00025655
10477.0,0.0002556
10478.0,0.00025464
10479.0,0.00025369
10480.0,0.00025273
10481.0,0.00025178
10482.0,0.00025083
10483.0,0.00024988
10484.0,0.00024894
10485.0,0.000248
10486.0,0.00024705
10487.0,0.00024612
10488.0,0.00024518
10489.0,0.00024424
10490.0,0.00024331
10491.0,0.00024238
10492.0,0.00024145
10493.0,0.00024052
10494.0,0.00023959
10495.0,0.00023867
10496.0,0.00023775
10497.0,0.00023683
10498.0,0.00023591
10499.0,0.00023499
10500.0,0.00023408
10501.0,0.00023324
10502.0,0.00023241
10503.0,0.00023158
10504.0,0.00023075
10505.0,0.00022992
10506.0,0.00022909
10507.0,0.00022827
10508.0,0.00022744
10509.0,0.00022662
10510.0,0.0002258
10511.0,0.00022513
10512.0,0.00022446
10513.0,0.00022379
10514.0,0.00022313
10515.0,0.00022246
10516.0,0.0002218
10517.0,0.00022113
10518.0,0.00022047
10519.0,0.00021981
10520.0,0.00021915
10521.0,0.00021871
10522.0,0.00021827
10523.0,0.00021783
10524.0,0.0002174
10525.0,0.00021696
10526.0,0.00021652
10527.0,0.00021609
10528.0,0.00021565
10529.0,0.00021522
10530.0,0.00021478
10531.0,0.0002142
10532.0,0.00021362
10533.0,0.00021305
10534.0,0.00021247
10535.0,0.0002119
10536.0,0.00021132
10537.0,0.00021075
10538.0,0.00021018
10539.0,0.00020961
10540.0,0.00020904
10541.0,0.00020833
10542.0,0.00020762
10543.0,0.00020691
10544.0,0.0002062
10545.0,0.0002055
10546.0,0.00020479
10547.0,0.00020409
10548.0,0.00020339
10549.0,0.00020269
10550.0,0.00020199
10551.0,0.00020109
10552.0,0.00020018
10553.0,0.00019928
10554.0,0.00019838
10555.0,0.00019749
10556.0,0.0001966
10557.0,0.00019571
10558.0,0.00019482
10559.0,0.00019393
10560.0,0.00019305
10561.0,0.0001921
10562.0,0.00019116
10563.0,0.00019022
10564.0,0.00018928
10565.0,0.00018834
10566.0,0.00018741
10567.0,0.00018648
10568.0,0.00018555
10569.0,0.00018463
10570.0,0.00018371
10571.0,0.00018292
10572.0,0.00018214
10573.0,0.00018135
10574.0,0.00018057
10575.0,0.00017979
10576.0,0.00017902
10577.0,0.00017824
10578.0,0.00017747
10579.0,0.0001767
10580.0,0.00017593
10581.0,0.00017523
10582.0,0.00017453
10583.0,0.00017383
10584.0,0.00017314
10585.0,0.00017244
10586.0,0.00017175
10587.0,0.00017106
10588.0,0.00017037
10589.0,0.00016968
10590.0,0.000169
10591.0,0.00016844
10592.0,0.00016788
10593.0,0.00016733
10594.0,0.00016677
10595.0,0.00016622
10596.0,0.00016566
10597.0,0.00016511
10598.0,0.00016456
10599.0,0.00016401
10600.0,0.00016346
10601.0,0.0001631
10602.0,0.00016273
10603.0,0.00016237
10604.0,0.00016201
10605.0,0.00016164
10606.0,0.00016128
10607.0,0.00016092
10608.0,0.00016056
10609.0,0.0001602
10610.0,0.00015984
10611.0,0.00015966
10612.0,0.00015948
10613.0,0.0001593
10614.0,0.00015912
10615.0,0.00015894
10616.0,0.00015876
10617.0,0.00015859
10618.0,0.00015841
10619.0,0.00015823
10620.0,0.00015805
10621.0,0.00015764
10622.0,0.00015722
10623.0,0.00015681
10624.0,0.00015639
10625.0,0.00015598
10626.0,0.00015557
10627.0,0.00015516
10628.0,0.00015475
10629.0,0.00015434
10630.0,0.00015393
10631.0,0.00015334
10632.0,0.00015276
10633.0,0.00015218
10634.0,0.0001516
10635.0,0.00015103
10636.0,0.00015045
10637.0,0.00014988
10638.0,0.0001493
10639.0,0.00014873
10640.0,0.00014816
10641.0,0.00014754
10642.0,0.00014692
10643.0,0.0001463
10644.0,0.00014568
10645.0,0.00014506
10646.0,0.00014444
10647.0,0.00014383
10648.0,0.00014322
10649.0,0.00014261
10650.0,0.000142
10651.0,0.00014145
10652.0,0.0001409
10653.0,0.00014035
10654.0,0.0001398
10655.0,0.00013926
10656.0,0.00013871
10657.0,0.00013817
10658.0,0.00013763
10659.0,0.00013709
10660.0,0.00013655
10661.0,0.00013602
10662.0,0.00013548
10663.0,0.00013495
10664.0,0.00013442
10665.0,0.00013389
10666.0,0.00013336
10667.0,0.00013283
10668.0,0.00013231
10669.0,0.00013178
10670.0,0.00013126
10671.0,0.00013074
10672.0,0.00013022
10673.0,0.0001297
10674.0,0.00012918
10675.0,0.00012867
10676.0,0.00012815
10677.0,0.00012764
10678.0,0.00012713
10679.0,0.00012662
10680.0,0.00012611
10681.0,0.00012556
10682.0,0.000125
10683.0,0.00012445
10684.0,0.0001239
10685.0,0.00012335
10686.0,0.0001228
10687.0,0.00012225
10688.0,0.00012171
10689.0,0.00012116
10690.0,0.00012062
10691.0,0.00012008
10692.0,0.00011955
10693.0,0.00011901
10694.0,0.00011848
10695.0,0.00011794
10696.0,0.00011741
10697.0,0.00011689
10698.0,0.00011636
10699.0,0.00011583
10700.0,0.00011531
10701.0,0.00011479
10702.0,0.00011427
10703.0,0.00011375
10704.0,0.00011323
10705.0,0.00011272
10706.0,0.00011221
10707.0,0.0001117
10708.0,0.00011119
10709.0,0.00011068
10710.0,0.00011017
10711.0,0.00010981
10712.0,0.00010944
10713.0,0.00010908
10714.0,0.00010871
10715.0,0.00010835
10716.0,0.00010799
10717.0,0.00010762
10718.0,0.00010726
10719.0,0.0001069
10720.0,0.00010655
10721.0,0.0001061
10722.0,0.00010565
10723.0,0.00010521
10724.0,0.00010477
10725.0,0.00010432
10726.0,0.00010388
10727.0,0.00010345
10728.0,0.00010301
10729.0,0.00010257
10730.0,0.00010214
10731.0,0.00010175
10732.0,0.00010136
10733.0,0.00010097
10734.0,0.00010059
10735.0,0.0001002
10736.0,9.9817e-05
10737.0,9.9434e-05
10738.0,9.9052e-05
10739.0,9.8671e-05
10740.0,9.8292e-05
10741.0,9.7913e-05
10742.0,9.7535e-05
10743.0,9.7159e-05
10744.0,9.6783e-05
10745.0,9.6409e-05
10746.0,9.6036e-05
10747.0,9.5664e-05
10748.0,9.5293e-05
10749.0,9.4923e-05
10750.0,9.4554e-05
10751.0,9.4227e-05
10752.0,9.3901e-05
10753.0,9.3576e-05
10754.0,9.3252e-05
10755.0,9.2928e-05
10756.0,9.2605e-05
10757.0,9.2284e-05
10758.0,9.1963e-05
10759.0,9.1643e-05
10760.0,9.1323e-05
10761.0,9.1045e-05
10762.0,9.0767e-05
10763.0,9.049e-05
10764.0,9.0213e-05
10765.0,8.9937e-05
10766.0,8.9662e-05
10767.0,8.9388e-05
10768.0,8.9114e-05
10769.0,8.884e-05
10770.0,8.8568e-05
10771.0,8.8296e-05
10772.0,8.8024e-05
10773.0,8.7754e-05
10774.0,8.7484e-05
10775.0,8.7214e-05
10776.0,8.6945e-05
10777.0,8.6677e-05
10778.0,8.641e-05
10779.0,8.6143e-05
10780.0,8.5877e-05
10781.0,8.5535e-05
10782.0,8.5195e-05
10783.0,8.4856e-05
10784.0,8.4518e-05
10785.0,8.4181e-05
10786.0,8.3845e-05
10787.0,8.351e-05
10788.0,8.3176e-05
10789.0,8.2843e-05
10790.0,8.2511e-05
10791.0,8.2327e-05
10792.0,8.2143e-05
10793.0,8.196e-05
10794.0,8.1777e-05
10795.0,8.1595e-05
10796.0,8.1413e-05
10797.0,8.1231e-05
10798.0,8.1049e-05
10799.0,8.0868e-05
10800.0,8.0687e-05
10801.0,8.0506e-05
10802.0,8.0326e-05
10803.0,8.0145e-05
10804.0,7.9966e-05
10805.0,7.9786e-05
10806.0,7.9607e-05
10807.0,7.9428e-05
10808.0,7.925e-05
10809.0,7.9072e-05
10810.0,7.8894e-05
10811.0,7.8716e-05
10812.0,7.8539e-05
10813.0,7.8362e-05
10814.0,7.8185e-05
10815.0,7.8009e-05
10816.0,7.7833e-05
10817.0,7.7657e-05
10818.0,7.7482e-05
10819.0,7.7307e-05
10820.0,7.7132e-05
10821.0,7.6993e-05
10822.0,7.6853e-05
10823.0,7.6714e-05
10824.0,7.6575e-05
10825.0,7.6437e-05
10826.0,7.6298e-05
10827.0,7.616e-05
10828.0,7.6022e-05
10829.0,7.5884e-05
10830.0,7.5746e-05
10831.0,7.5608e-05
10832.0,7.5471e-05
10833.0,7.5334e-05
10834.0,7.5197e-05
10835.0,7.506e-05
10836.0,7.4923e-05
10837.0,7.4787e-05
10838.0,7.465e-05
10839.0,7.4514e-05
10840.0,7.4378e-05
10841.0,7.4277e-05
10842.0,7.4175e-05
10843.0,7.4073e-05
10844.0,7.3972e-05
10845.0,7.3871e-05
10846.0,7.377e-05
10847.0,7.3668e-05
10848.0,7.3567e-05
10849.0,7.3467e-05
10850.0,7.3366e-05
10851.0,7.3165e-05
10852.0,7.2964e-05
10853.0,7.2764e-05
10854.0,7.2564e-05
10855.0,7.2365e-05
10856.0,7.2166e-05
10857.0,7.1968e-05
10858.0,7.177e-05
10859.0,7.1572e-05
10860.0,7.1375e-05
10861.0,7.1211e-05
10862.0,7.1047e-05
10863.0,7.0884e-05
10864.0,7.072e-05
10865.0,7.0558e-05
10866.0,7.0395e-05
10867.0,7.0233e-05
10868.0,7.0071e-05
10869.0,6.9909e-05
10870.0,6.9748e-05
10871.0,6.9555e-05
10872.0,6.9362e-05
10873.0,6.917e-05
10874.0,6.8978e-05
10875.0,6.8786e-05
10876.0,6.8595e-05
10877.0,6.8404e-05
10878.0,6.8214e-05
10879.0,6.8024e-05
10880.0,6.7835e-05
10881.0,6.7678e-05
10882.0,6.7521e-05
10883.0,6.7364e-05
10884.0,6.7207e-05
10885.0,6.7051e-05
10886.0,6.6895e-05
10887.0,6.6739e-05
10888.0,6.6584e-05
10889.0,6.6429e-05
10890.0,6.6274e-05
10891.0,6.6119e-05
10892.0,6.5965e-05
10893.0,6.5811e-05
10894.0,6.5657e-05
10895.0,6.5504e-05
10896.0,6.5351e-05
10897.0,6.5198e-05
10898.0,6.5046e-05
10899.0,6.4893e-05
10900.0,6.4741e-05
10901.0,6.4559e-05
10902.0,6.4378e-05
10903.0,6.4197e-05
10904.0,6.4016e-05
10905.0,6.3835e-05
10906.0,6.3655e-05
10907.0,6.3476e-05
10908.0,6.3297e-05
10909.0,6.3118e-05
10910.0,6.294e-05
10911.0,6.2821e-05
10912.0,6.2703e-05
10913.0,6.2584e-05
10914.0,6.2466e-05
10915.0,6.2348e-05
10916.0,6.2231e-05
10917.0,6.2113e-05
10918.0,6.1996e-05
10919.0,6.1878e-05
10920.0,6.1761e-05
10921.0,6.1586e-05
10922.0,6.1411e-05
10923.0,6.1237e-05
10924.0,6.1063e-05
10925.0,6.0889e-05
10926.0,6.0716e-05
10927.0,6.0544e-05
10928.0,6.0371e-05
10929.0,6.0199e-05
10930.0,6.0028e-05
10931.0,5.9913e-05
10932.0,5.9799e-05
10933.0,5.9686e-05
10934.0,5.9572e-05
10935.0,5.9458e-05
10936.0,5.9345e-05
10937.0,5.9232e-05
10938.0,5.9119e-05
10939.0,5.9006e-05
10940.0,5.8894e-05
10941.0,5.8753e-05
10942.0,5.8613e-05
10943.0,5.8473e-05
10944.0,5.8333e-05
10945.0,5.8194e-05
10946.0,5.8055e-05
10947.0,5.7916e-05
10948.0,5.7777e-05
10949.0,5.7639e-05
10950.0,5.7501e-05
10951.0,5.7363e-05
10952.0,5.7226e-05
10953.0,5.7089e-05
10954.0,5.6952e-05
10955.0,5.6815e-05
10956.0,5.6679e-05
10957.0,5.6543e-05
10958.0,5.6407e-05
10959.0,5.6271e-05
10960.0,5.6136e-05
10961.0,5.6001e-05
10962.0,5.5866e-05
10963.0,5.5731e-05
10964.0,5.5597e-05
10965.0,5.5463e-05
10966.0,5.5329e-05
10967.0,5.5196e-05
10968.0,5.5062e-05
10969.0,5.4929e-05
10970.0,5.4797e-05
10971.0,5.4638e-05
10972.0,5.4479e-05
10973.0,5.4321e-05
10974.0,5.4163e-05
10975.0,5.4006e-05
10976.0,5.3849e-05
10977.0,5.3692e-05
10978.0,5.3536e-05
10979.0,5.338e-05
10980.0,5.3224e-05
10981.0,5.3069e-05
10982.0,5.2914e-05
10983.0,5.276e-05
10984.0,5.2606e-05
10985.0,5.2452e-05
10986.0,5.2299e-05
10987.0,5.2146e-05
10988.0,5.1993e-05
10989.0,5.1841e-05
10990.0,5.1689e-05
10991.0,5.1512e-05
10992.0,5.1336e-05
10993.0,5.116e-05
10994.0,5.0985e-05
10995.0,5.081e-05
10996.0,5.0636e-05
10997.0,5.0462e-05
10998.0,5.0289e-05
10999.0,5.0116e-05
11000.0,4.9943e-05
11001.0,4.9796e-05
11002.0,4.9649e-05
11003.0,4.9503e-05
11004.0,4.9356e-05
11005.0,4.921e-05
11006.0,4.9065e-05
11007.0,4.892e-05
11008.0,4.8775e-05
11009.0,4.863e-05
11010.0,4.8486e-05
11011.0,4.8319e-05
11012.0,4.8152e-05
11013.0,4.7985e-05
11014.0,4.7819e-05
11015.0,4.7653e-05
11016.0,4.7488e-05
11017.0,4.7323e-05
11018.0,4.7159e-05
11019.0,4.6995e-05
11020.0,4.6831e-05
11021.0,4.6622e-05
11022.0,4.6413e-05
11023.0,4.6206e-05
11024.0,4.5999e-05
11025.0,4.5792e-05
11026.0,4.5587e-05
11027.0,4.5382e-05
11028.0,4.5178e-05
11029.0,4.4975e-05
11030.0,4.4773e-05
11031.0,4.4571e-05
11032.0,4.437e-05
11033.0,4.417e-05
11034.0,4.3971e-05
11035.0,4.3772e-05
11036.0,4.3574e-05
11037.0,4.3377e-05
11038.0,4.3181e-05
11039.0,4.2985e-05
11040.0,4.279e-05
11041.0,4.2596e-05
11042.0,4.2403e-05
11043.0,4.221e-05
11044.0,4.2018e-05
11045.0,4.1827e-05
11046.0,4.1637e-05
11047.0,4.1447e-05
11048.0,4.1258e-05
11049.0,4.107e-05
11050.0,4.0883e-05
11051.0,4.0716e-05
11052.0,4.0551e-05
11053.0,4.0386e-05
11054.0,4.0222e-05
11055.0,4.0058e-05
11056.0,3.9894e-05
11057.0,3.9732e-05
11058.0,3.957e-05
11059.0,3.9408e-05
11060.0,3.9247e-05
11061.0,3.9086e-05
11062.0,3.8926e-05
11063.0,3.8767e-05
11064.0,3.8608e-05
11065.0,3.845e-05
11066.0,3.8292e-05
11067.0,3.8135e-05
11068.0,3.7978e-05
11069.0,3.7822e-05
11070.0,3.7667e-05
11071.0,3.7492e-05
11072.0,3.7319e-05
11073.0,3.7146e-05
11074.0,3.6973e-05
11075.0,3.6802e-05
11076.0,3.6631e-05
11077.0,3.6461e-05
11078.0,3.6291e-05
11079.0,3.6122e-05
11080.0,3.5954e-05
11081.0,3.5768e-05
11082.0,3.5582e-05
11083.0,3.5398e-05
11084.0,3.5214e-05
11085.0,3.5031e-05
11086.0,3.4849e-05
11087.0,3.4668e-05
11088.0,3.4487e-05
11089.0,3.4308e-05
11090.0,3.4129e-05
11091.0,3.3933e-05
11092.0,3.3738e-05
11093.0,3.3544e-05
11094.0,3.3351e-05
11095.0,3.3159e-05
11096.0,3.2968e-05
11097.0,3.2777e-05
11098.0,3.2588e-05
11099.0,3.24e-05
11100.0,3.2212e-05
11101.0,3.2009e-05
11102.0,3.1807e-05
11103.0,3.1606e-05
11104.0,3.1405e-05
11105.0,3.1206e-05
11106.0,3.1008e-05
11107.0,3.0812e-05
11108.0,3.0616e-05
11109.0,3.0421e-05
11110.0,3.0227e-05
11111.0,3.0035e-05
11112.0,2.9843e-05
11113.0,2.9653e-05
11114.0,2.9463e-05
11115.0,2.9275e-05
11116.0,2.9087e-05
11117.0,2.8901e-05
11118.0,2.8715e-05
11119.0,2.8531e-05
11120.0,2.8348e-05
11121.0,2.815e-05
11122.0,2.7954e-05
11123.0,2.7759e-05
11124.0,2.7565e-05
11125.0,2.7372e-05
11126.0,2.718e-05
11127.0,2.699e-05
11128.0,2.68e-05
11129.0,2.6612e-05
11130.0,2.6425e-05
11131.0,2.6225e-05
11132.0,2.6026e-05
11133.0,2.5829e-05
11134.0,2.5633e-05
11135.0,2.5438e-05
11136.0,2.5244e-05
11137.0,2.5052e-05
11138.0,2.486e-05
11139.0,2.4671e-05
11140.0,2.4482e-05
11141.0,2.4295e-05
11142.0,2.4109e-05
11143.0,2.3924e-05
11144.0,2.374e-05
11145.0,2.3558e-05
11146.0,2.3377e-05
11147.0,2.3197e-05
11148.0,2.3018e-05
11149.0,2.284e-05
11150.0,2.2664e-05
11151.0,2.2489e-05
11152.0,2.2315e-05
11153.0,2.2142e-05
11154.0,2.197e-05
11155.0,2.18e-05
11156.0,2.163e-05
11157.0,2.1462e-05
11158.0,2.1295e-05
11159.0,2.1129e-05
11160.0,2.0964e-05
11161.0,2.0789e-05
11162.0,2.0615e-05
11163.0,2.0442e-05
11164.0,2.0271e-05
11165.0,2.01e-05
11166.0,1.9931e-05
11167.0,1.9763e-05
11168.0,1.9597e-05
11169.0,1.9432e-05
11170.0,1.9268e-05
11171.0,1.9094e-05
11172.0,1.8922e-05
11173.0,1.8751e-05
11174.0,1.8581e-05
11175.0,1.8413e-05
11176.0,1.8246e-05
11177.0,1.808e-05
11178.0,1.7916e-05
11179.0,1.7753e-05
11180.0,1.7591e-05
11181.0,1.7441e-05
11182.0,1.7292e-05
11183.0,1.7144e-05
11184.0,1.6997e-05
11185.0,1.6851e-05
11186.0,1.6706e-05
11187.0,1.6563e-05
11188.0,1.642e-05
11189.0,1.6278e-05
11190.0,1.6138e-05
11191.0,1.5989e-05
11192.0,1.5842e-05
11193.0,1.5696e-05
11194.0,1.5551e-05
11195.0,1.5407e-05
11196.0,1.5264e-05
11197.0,1.5123e-05
11198.0,1.4983e-05
11199.0,1.4843e-05
11200.0,1.4705e-05
11201.0,1.456e-05
11202.0,1.4416e-05
11203.0,1.4273e-05
11204.0,1.4132e-05
11205.0,1.3991e-05
11206.0,1.3852e-05
11207.0,1.3714e-05
11208.0,1.3578e-05
11209.0,1.3442e-05
11210.0,1.3308e-05
11211.0,1.3183e-05
11212.0,1.3058e-05
11213.0,1.2935e-05
11214.0,1.2813e-05
11215.0,1.2692e-05
11216.0,1.2572e-05
11217.0,1.2453e-05
11218.0,1.2335e-05
11219.0,1.2218e-05
11220.0,1.2102e-05
11221.0,1.1987e-05
11222.0,1.1872e-05
11223.0,1.1759e-05
11224.0,1.1647e-05
11225.0,1.1536e-05
11226.0,1.1426e-05
11227.0,1.1316e-05
11228.0,1.1208e-05
11229.0,1.11e-05
11230.0,1.0994e-05
11231.0,1.0888e-05
11232.0,1.0783e-05
11233.0,1.0679e-05
11234.0,1.0577e-05
11235.0,1.0475e-05
11236.0,1.0373e-05
11237.0,1.0273e-05
11238.0,1.0174e-05
11239.0,1.0075e-05
11240.0,9.9774e-06
11241.0,9.8986e-06
11242.0,9.8204e-06
11243.0,9.7427e-06
11244.0,9.6656e-06
11245.0,9.5891e-06
11246.0,9.5131e-06
11247.0,9.4376e-06
11248.0,9.3626e-06
11249.0,9.2882e-06
11250.0,9.2144e-06
11251.0,9.1467e-06
11252.0,9.0794e-06
11253.0,9.0126e-06
11254.0,8.9463e-06
11255.0,8.8803e-06
11256.0,8.8148e-06
11257.0,8.7498e-06
11258.0,8.6852e-06
11259.0,8.621e-06
11260.0,8.5572e-06
11261.0,8.4992e-06
11262.0,8.4414e-06
11263.0,8.3841e-06
11264.0,8.3271e-06
11265.0,8.2704e-06
11266.0,8.2141e-06
11267.0,8.1581e-06
11268.0,8.1025e-06
11269.0,8.0472e-06
11270.0,7.9923e-06
11271.0,7.9476e-06
11272.0,7.9031e-06
11273.0,7.8588e-06
11274.0,7.8148e-06
11275.0,7.771e-06
11276.0,7.7274e-06
11277.0,7.6841e-06
11278.0,7.6409e-06
11279.0,7.598e-06
11280.0,7.5553e-06
11281.0,7.5175e-06
11282.0,7.4799e-06
11283.0,7.4425e-06
11284.0,7.4052e-06
11285.0,7.3681e-06
11286.0,7.3312e-06
11287.0,7.2944e-06
11288.0,7.2578e-06
11289.0,7.2214e-06
11290.0,7.1851e-06
11291.0,7.149e-06
11292.0,7.1131e-06
11293.0,7.0774e-06
11294.0,7.0418e-06
11295.0,7.0063e-06
11296.0,6.9711e-06
11297.0,6.936e-06
11298.0,6.901e-06
11299.0,6.8662e-06
11300.0,6.8316e-06
11301.0,6.7971e-06
11302.0,6.7628e-06
11303.0,6.7287e-06
11304.0,6.6947e-06
11305.0,6.6609e-06
11306.0,6.6272e-06
11307.0,6.5937e-06
11308.0,6.5603e-06
11309.0,6.5271e-06
11310.0,6.4941e-06
11311.0,6.4653e-06
11312.0,6.4366e-06
11313.0,6.408e-06
11314.0,6.3795e-06
11315.0,6.3512e-06
11316.0,6.3229e-06
11317.0,6.2948e-06
11318.0,6.2668e-06
11319.0,6.2389e-06
11320.0,6.2111e-06
11321.0,6.1795e-06
11322.0,6.148e-06
11323.0,6.1167e-06
11324.0,6.0855e-06
11325.0,6.0545e-06
11326.0,6.0236e-06
11327.0,5.9929e-06
11328.0,5.9623e-06
11329.0,5.9318e-06
11330.0,5.9015e-06
11331.0,5.8751e-06
11332.0,5.8488e-06
11333.0,5.8226e-06
11334.0,5.7965e-06
11335.0,5.7705e-06
11336.0,5.7446e-06
11337.0,5.7188e-06
11338.0,5.6932e-06
11339.0,5.6676e-06
11340.0,5.6422e-06
11341.0,5.6132e-06
11342.0,5.5844e-06
11343.0,5.5557e-06
11344.0,5.5271e-06
11345.0,5.4987e-06
11346.0,5.4704e-06
11347.0,5.4422e-06
11348.0,5.4142e-06
11349.0,5.3863e-06
11350.0,5.3585e-06
11351.0,5.3343e-06
11352.0,5.3103e-06
11353.0,5.2863e-06
11354.0,5.2624e-06
11355.0,5.2386e-06
11356.0,5.2149e-06
11357.0,5.1913e-06
11358.0,5.1678e-06
11359.0,5.1444e-06
11360.0,5.1211e-06
11361.0,5.1012e-06
11362.0,5.0814e-06
11363.0,5.0616e-06
11364.0,5.0419e-06
11365.0,5.0223e-06
11366.0,5.0027e-06
11367.0,4.9832e-06
11368.0,4.9638e-06
11369.0,4.9444e-06
11370.0,4.9252e-06
11371.0,4.906e-06
11372.0,4.8868e-06
11373.0,4.8678e-06
11374.0,4.8488e-06
11375.0,4.8299e-06
11376.0,4.811e-06
11377.0,4.7923e-06
11378.0,4.7735e-06
11379.0,4.7549e-06
11380.0,4.7363e-06
11381.0,4.7209e-06
11382.0,4.7055e-06
11383.0,4.6901e-06
11384.0,4.6748e-06
11385.0,4.6596e-06
11386.0,4.6443e-06
11387.0,4.6292e-06
11388.0,4.614e-06
11389.0,4.599e-06
11390.0,4.5839e-06
11391.0,4.569e-06
11392.0,4.554e-06
11393.0,4.5391e-06
11394.0,4.5243e-06
11395.0,4.5094e-06
11396.0,4.4947e-06
11397.0,4.48e-06
11398.0,4.4653e-06
11399.0,4.4507e-06
11400.0,4.4361e-06
11401.0,4.4215e-06
11402.0,4.407e-06
11403.0,4.3926e-06
11404.0,4.3782e-06
11405.0,4.3638e-06
11406.0,4.3495e-06
11407.0,4.3352e-06
11408.0,4.321e-06
11409.0,4.3068e-06
11410.0,4.2927e-06
11411.0,4.2814e-06
11412.0,4.2701e-06
11413.0,4.2589e-06
11414.0,4.2477e-06
11415.0,4.2365e-06
11416.0,4.2253e-06
11417.0,4.2142e-06
11418.0,4.2031e-06
11419.0,4.192e-06
11420.0,4.181e-06
11421.0,4.1699e-06
11422.0,4.1589e-06
11423.0,4.148e-06
11424.0,4.137e-06
11425.0,4.1261e-06
11426.0,4.1152e-06
11427.0,4.1043e-06
11428.0,4.0935e-06
11429.0,4.0827e-06
11430.0,4.0719e-06
11431.0,4.0612e-06
11432.0,4.0504e-06
11433.0,4.0397e-06
11434.0,4.029e-06
11435.0,4.0184e-06
11436.0,4.0077e-06
11437.0,3.9971e-06
11438.0,3.9866e-06
11439.0,3.976e-06
11440.0,3.9655e-06
11441.0,3.955e-06
11442.0,3.9445e-06
11443.0,3.9341e-06
11444.0,3.9236e-06
11445.0,3.9132e-06
11446.0,3.9029e-06
11447.0,3.8925e-06
11448.0,3.8822e-06
11449.0,3.8719e-06
11450.0,3.8616e-06
11451.0,3.8565e-06
11452.0,3.8514e-06
11453.0,3.8462e-06
11454.0,3.8411e-06
11455.0,3.836e-06
11456.0,3.8309e-06
11457.0,3.8259e-06
11458.0,3.8208e-06
11459.0,3.8157e-06
11460.0,3.8106e-06
11461.0,3.8056e-06
11462.0,3.8005e-06
11463.0,3.7954e-06
11464.0,3.7904e-06
11465.0,3.7854e-06
11466.0,3.7803e-06
11467.0,3.7753e-06
11468.0,3.7703e-06
11469.0,3.7653e-06
11470.0,3.7602e-06
11471.0,3.7577e-06
11472.0,3.7552e-06
11473.0,3.7527e-06
11474.0,3.7502e-06
11475.0,3.7477e-06
11476.0,3.7452e-06
11477.0,3.7427e-06
11478.0,3.7402e-06
11479.0,3.7377e-06
11480.0,3.7352e-06
11481.0,3.7352e-06
11482.0,3.7352e-06
11483.0,3.7352e-06
11484.0,3.7352e-06
11485.0,3.7352e-06
11486.0,3.7351e-06
11487.0,3.7351e-06
11488.0,3.7351e-06
11489.0,3.7351e-06
11490.0,3.7351e-06
11491.0,3.7351e-06
11492.0,3.7351e-06
11493.0,3.7351e-06
11494.0,3.7351e-06
11495.0,3.7351e-06
11496.0,3.7351e-06
11497.0,3.7351e-06
11498.0,3.7351e-06
11499.0,3.7351e-06
11500.0,3.7351e-06
11501.0,3.7376e-06
11502.0,3.7401e-06
11503.0,3.7426e-06
11504.0,3.7451e-06
11505.0,3.7476e-06
11506.0,3.7501e-06
11507.0,3.7526e-06
11508.0,3.7551e-06
11509.0,3.7576e-06
11510.0,3.7601e-06
11511.0,3.7601e-06
11512.0,3.7601e-06
11513.0,3.7601e-06
11514.0,3.7601e-06
11515.0,3.7601e-06
11516.0,3.7601e-06
11517.0,3.7601e-06
11518.0,3.7601e-06
11519.0,3.7601e-06
11520.0,3.7601e-06
11521.0,3.7601e-06
11522.0,3.7601e-06
11523.0,3.7601e-06
11524.0,3.7601e-06
11525.0,3.7601e-06
11526.0,3.7601e-06
11527.0,3.7601e-06
11528.0,3.7601e-06
11529.0,3.7601e-06
11530.0,3.7601e-06
11531.0,3.7576e-06
11532.0,3.7551e-06
11533.0,3.7526e-06
11534.0,3.7501e-06
11535.0,3.7476e-06
11536.0,3.7451e-06
11537.0,3.7426e-06
11538.0,3.7401e-06
11539.0,3.7376e-06
11540.0,3.7351e-06
11541.0,3.7301e-06
11542.0,3.7252e-06
11543.0,3.7202e-06
11544.0,3.7153e-06
11545.0,3.7103e-06
11546.0,3.7054e-06
11547.0,3.7004e-06
11548.0,3.6955e-06
11549.0,3.6906e-06
11550.0,3.6857e-06
11551.0,3.6807e-06
11552.0,3.6758e-06
11553.0,3.6709e-06
11554.0,3.666e-06
11555.0,3.6611e-06
11556.0,3.6562e-06
11557.0,3.6513e-06
11558.0,3.6465e-06
11559.0,3.6416e-06
11560.0,3.6367e-06
11561.0,3.6319e-06
11562.0,3.627e-06
11563.0,3.6222e-06
11564.0,3.6173e-06
11565.0,3.6125e-06
11566.0,3.6077e-06
11567.0,3.6029e-06
11568.0,3.5981e-06
11569.0,3.5933e-06
11570.0,3.5885e-06
11571.0,3.5813e-06
11572.0,3.5741e-06
11573.0,3.5669e-06
11574.0,3.5598e-06
11575.0,3.5526e-06
11576.0,3.5455e-06
11577.0,3.5384e-06
11578.0,3.5313e-06
11579.0,3.5242e-06
11580.0,3.5171e-06
11581.0,3.5124e-06
11582.0,3.5077e-06
11583.0,3.503e-06
11584.0,3.4983e-06
11585.0,3.4936e-06
11586.0,3.489e-06
11587.0,3.4843e-06
11588.0,3.4796e-06
11589.0,3.475e-06
11590.0,3.4703e-06
11591.0,3.4633e-06
11592.0,3.4564e-06
11593.0,3.4494e-06
11594.0,3.4425e-06
11595.0,3.4356e-06
11596.0,3.4287e-06
11597.0,3.4218e-06
11598.0,3.4149e-06
11599.0,3.408e-06
11600.0,3.4012e-06
11601.0,3.3944e-06
11602.0,3.3875e-06
11603.0,3.3807e-06
11604.0,3.3739e-06
11605.0,3.3672e-06
11606.0,3.3604e-06
11607.0,3.3536e-06
11608.0,3.3469e-06
11609.0,3.3402e-06
11610.0,3.3334e-06
11611.0,3.3245e-06
11612.0,3.3156e-06
11613.0,3.3066e-06
11614.0,3.2978e-06
11615.0,3.2889e-06
11616.0,3.2801e-06
11617.0,3.2712e-06
11618.0,3.2624e-06
11619.0,3.2537e-06
11620.0,3.2449e-06
11621.0,3.2362e-06
11622.0,3.2275e-06
11623.0,3.2188e-06
11624.0,3.2101e-06
11625.0,3.2015e-06
11626.0,3.1928e-06
11627.0,3.1842e-06
11628.0,3.1757e-06
11629.0,3.1671e-06
11630.0,3.1586e-06
11631.0,3.1522e-06
11632.0,3.1458e-06
11633.0,3.1395e-06
11634.0,3.1331e-06
11635.0,3.1268e-06
11636.0,3.1205e-06
11637.0,3.1141e-06
11638.0,3.1078e-06
11639.0,3.1016e-06
11640.0,3.0953e-06
11641.0,3.0869e-06
11642.0,3.0786e-06
11643.0,3.0703e-06
11644.0,3.062e-06
11645.0,3.0537e-06
11646.0,3.0454e-06
11647.0,3.0372e-06
11648.0,3.029e-06
11649.0,3.0208e-06
11650.0,3.0126e-06
11651.0,3.0065e-06
11652.0,3.0004e-06
11653.0,2.9943e-06
11654.0,2.9882e-06
11655.0,2.9821e-06
11656.0,2.9761e-06
11657.0,2.97e-06
11658.0,2.964e-06
11659.0,2.958e-06
11660.0,2.952e-06
11661.0,2.944e-06
11662.0,2.936e-06
11663.0,2.928e-06
11664.0,2.9201e-06
11665.0,2.9122e-06
11666.0,2.9042e-06
11667.0,2.8964e-06
11668.0,2.8885e-06
11669.0,2.8807e-06
11670.0,2.8728e-06
11671.0,2.867e-06
11672.0,2.8612e-06
11673.0,2.8553e-06
11674.0,2.8495e-06
11675.0,2.8437e-06
11676.0,2.8379e-06
11677.0,2.8321e-06
11678.0,2.8264e-06
11679.0,2.8206e-06
11680.0,2.8149e-06
11681.0,2.8072e-06
11682.0,2.7996e-06
11683.0,2.7919e-06
11684.0,2.7843e-06
11685.0,2.7768e-06
11686.0,2.7692e-06
11687.0,2.7617e-06
11688.0,2.7541e-06
11689.0,2.7466e-06
11690.0,2.7391e-06
11691.0,2.7317e-06
11692.0,2.7242e-06
11693.0,2.7168e-06
11694.0,2.7094e-06
11695.0,2.702e-06
11696.0,2.6946e-06
11697.0,2.6873e-06
11698.0,2.6799e-06
11699.0,2.6726e-06
11700.0,2.6653e-06
11701.0,2.658e-06
11702.0,2.6508e-06
11703.0,2.6435e-06
11704.0,2.6363e-06
11705.0,2.6291e-06
11706.0,2.6219e-06
11707.0,2.6147e-06
11708.0,2.6076e-06
11709.0,2.6005e-06
11710.0,2.5933e-06
11711.0,2.5862e-06
11712.0,2.5792e-06
11713.0,2.5721e-06
11714.0,2.5651e-06
11715.0,2.558e-06
11716.0,2.551e-06
11717.0,2.544e-06
11718.0,2.5371e-06
11719.0,2.5301e-06
11720.0,2.5232e-06
11721.0,2.5162e-06
11722.0,2.5093e-06
11723.0,2.5024e-06
11724.0,2.4956e-06
11725.0,2.4887e-06
11726.0,2.4819e-06
11727.0,2.4751e-06
11728.0,2.4683e-06
11729.0,2.4615e-06
11730.0,2.4547e-06
11731.0,2.4446e-06
11732.0,2.4346e-06
11733.0,2.4245e-06
11734.0,2.4145e-06
11735.0,2.4046e-06
11736.0,2.3946e-06
11737.0,2.3848e-06
11738.0,2.3749e-06
11739.0,2.3651e-06
11740.0,2.3553e-06
11741.0,2.3472e-06
11742.0,2.3391e-06
11743.0,2.3311e-06
11744.0,2.323e-06
11745.0,2.315e-06
11746.0,2.307e-06
11747.0,2.2991e-06
11748.0,2.2911e-06
11749.0,2.2832e-06
11750.0,2.2754e-06
11751.0,2.2659e-06
11752.0,2.2565e-06
11753.0,2.2472e-06
11754.0,2.2379e-06
11755.0,2.2286e-06
11756.0,2.2193e-06
11757.0,2.2101e-06
11758.0,2.201e-06
11759.0,2.1918e-06
11760.0,2.1827e-06
11761.0,2.1736e-06
11762.0,2.1646e-06
11763.0,2.1556e-06
11764.0,2.1466e-06
11765.0,2.1377e-06
11766.0,2.1288e-06
11767.0,2.12e-06
11768.0,2.1111e-06
11769.0,2.1023e-06
11770.0,2.0936e-06
11771.0,2.0848e-06
11772.0,2.0762e-06
11773.0,2.0675e-06
11774.0,2.0589e-06
11775.0,2.0503e-06
11776.0,2.0417e-06
11777.0,2.0332e-06
11778.0,2.0247e-06
11779.0,2.0163e-06
11780.0,2.0078e-06
11781.0,2.0008e-06
11782.0,1.9939e-06
11783.0,1.9869e-06
11784.0,1.98e-06
11785.0,1.9731e-06
11786.0,1.9662e-06
11787.0,1.9593e-06
11788.0,1.9525e-06
11789.0,1.9456e-06
11790.0,1.9388e-06
11791.0,1.9307e-06
11792.0,1.9226e-06
11793.0,1.9146e-06
11794.0,1.9065e-06
11795.0,1.8985e-06
11796.0,1.8906e-06
11797.0,1.8826e-06
11798.0,1.8747e-06
11799.0,1.8668e-06
11800.0,1.859e-06
11801.0,1.8512e-06
11802.0,1.8434e-06
11803.0,1.8357e-06
11804.0,1.8279e-06
11805.0,1.8202e-06
11806.0,1.8126e-06
11807.0,1.805e-06
11808.0,1.7974e-06
11809.0,1.7898e-06
11810.0,1.7822e-06
11811.0,1.776e-06
11812.0,1.7697e-06
11813.0,1.7635e-06
11814.0,1.7573e-06
11815.0,1.7511e-06
11816.0,1.745e-06
11817.0,1.7388e-06
11818.0,1.7327e-06
11819.0,1.7266e-06
11820.0,1.7205e-06
11821.0,1.7133e-06
11822.0,1.706e-06
11823.0,1.6988e-06
11824.0,1.6916e-06
11825.0,1.6845e-06
11826.0,1.6773e-06
11827.0,1.6702e-06
11828.0,1.6632e-06
11829.0,1.6561e-06
11830.0,1.6491e-06
11831.0,1.6421e-06
11832.0,1.6351e-06
11833.0,1.6282e-06
11834.0,1.6213e-06
11835.0,1.6144e-06
11836.0,1.6076e-06
11837.0,1.6008e-06
11838.0,1.594e-06
11839.0,1.5872e-06
11840.0,1.5804e-06
11841.0,1.5737e-06
11842.0,1.5671e-06
11843.0,1.5604e-06
11844.0,1.5538e-06
11845.0,1.5472e-06
11846.0,1.5406e-06
11847.0,1.534e-06
11848.0,1.5275e-06
11849.0,1.521e-06
11850.0,1.5145e-06
11851.0,1.5091e-06
11852.0,1.5038e-06
11853.0,1.4984e-06
11854.0,1.4931e-06
11855.0,1.4878e-06
11856.0,1.4825e-06
11857.0,1.4772e-06
11858.0,1.472e-06
11859.0,1.4667e-06
11860.0,1.4615e-06
11861.0,1.4563e-06
11862.0,1.4511e-06
11863.0,1.446e-06
11864.0,1.4408e-06
11865.0,1.4357e-06
11866.0,1.4306e-06
11867.0,1.4255e-06
11868.0,1.4204e-06
11869.0,1.4153e-06
11870.0,1.4103e-06
11871.0,1.4052e-06
11872.0,1.4002e-06
11873.0,1.3952e-06
11874.0,1.3902e-06
11875.0,1.3853e-06
11876.0,1.3803e-06
11877.0,1.3754e-06
11878.0,1.3705e-06
11879.0,1.3656e-06
11880.0,1.3607e-06
11881.0,1.3558e-06
11882.0,1.351e-06
11883.0,1.3461e-06
11884.0,1.3413e-06
11885.0,1.3365e-06
11886.0,1.3317e-06
11887.0,1.3269e-06
11888.0,1.3222e-06
11889.0,1.3174e-06
11890.0,1.3127e-06
11891.0,1.308e-06
11892.0,1.3033e-06
11893.0,1.2987e-06
11894.0,1.294e-06
11895.0,1.2893e-06
11896.0,1.2847e-06
11897.0,1.2801e-06
11898.0,1.2755e-06
11899.0,1.2709e-06
11900.0,1.2664e-06
11901.0,1.2618e-06
11902.0,1.2573e-06
11903.0,1.2528e-06
11904.0,1.2482e-06
11905.0,1.2438e-06
11906.0,1.2393e-06
11907.0,1.2348e-06
11908.0,1.2304e-06
11909.0,1.2259e-06
11910.0,1.2215e-06
11911.0,1.2171e-06
11912.0,1.2127e-06
11913.0,1.2084e-06
11914.0,1.204e-06
11915.0,1.1997e-06
11916.0,1.1954e-06
11917.0,1.191e-06
11918.0,1.1867e-06
11919.0,1.1825e-06
11920.0,1.1782e-06
11921.0,1.1739e-06
11922.0,1.1697e-06
11923.0,1.1655e-06
11924.0,1.1613e-06
11925.0,1.1571e-06
11926.0,1.1529e-06
11927.0,1.1487e-06
11928.0,1.1446e-06
11929.0,1.1404e-06
11930.0,1.1363e-06
11931.0,1.1322e-06
11932.0,1.1281e-06
11933.0,1.124e-06
11934.0,1.1199e-06
11935.0,1.1159e-06
11936.0,1.1118e-06
11937.0,1.1078e-06
11938.0,1.1038e-06
11939.0,1.0998e-06
11940.0,1.0958e-06
11941.0,1.091e-06
11942.0,1.0863e-06
11943.0,1.0816e-06
11944.0,1.0768e-06
11945.0,1.0722e-06
11946.0,1.0675e-06
11947.0,1.0628e-06
11948.0,1.0582e-06
11949.0,1.0536e-06
11950.0,1.049e-06
11951.0,1.0452e-06
11952.0,1.0414e-06
11953.0,1.0376e-06
11954.0,1.0338e-06
11955.0,1.03e-06
11956.0,1.0263e-06
11957.0,1.0226e-06
11958.0,1.0188e-06
11959.0,1.0151e-06
11960.0,1.0114e-06
11961.0,1.0063e-06
11962.0,1.0011e-06
